{
    "Analog_Input_Pins": [
        "AIN10",
        "AIN2",
        "AIN3",
        "AIN8",
        "AIN9"
    ],
    "Debug_Pins": [
        "JTAG_TMS"
    ],
    "Ethernet_Interface": [
        "MDIO"
    ],
    "GPIO_Pins": [
        "GPIO0",
        "GPIO1",
        "GPIO10",
        "GPIO100",
        "GPIO101",
        "GPIO102",
        "GPIO103",
        "GPIO104",
        "GPIO105",
        "GPIO106",
        "GPIO107",
        "GPIO108",
        "GPIO109",
        "GPIO11",
        "GPIO110",
        "GPIO111",
        "GPIO112",
        "GPIO113",
        "GPIO114",
        "GPIO115",
        "GPIO116",
        "GPIO117",
        "GPIO118",
        "GPIO119",
        "GPIO12",
        "GPIO120",
        "GPIO121",
        "GPIO122",
        "GPIO123",
        "GPIO124",
        "GPIO125",
        "GPIO126",
        "GPIO127",
        "GPIO128",
        "GPIO129",
        "GPIO13",
        "GPIO130",
        "GPIO131",
        "GPIO132",
        "GPIO133",
        "GPIO134",
        "GPIO135",
        "GPIO136",
        "GPIO137",
        "GPIO138",
        "GPIO139",
        "GPIO14",
        "GPIO140",
        "GPIO141",
        "GPIO142",
        "GPIO143",
        "GPIO144",
        "GPIO145",
        "GPIO146",
        "GPIO147",
        "GPIO148",
        "GPIO149",
        "GPIO15",
        "GPIO150",
        "GPIO151",
        "GPIO152",
        "GPIO153",
        "GPIO154",
        "GPIO155",
        "GPIO156",
        "GPIO157",
        "GPIO158",
        "GPIO159",
        "GPIO16",
        "GPIO160",
        "GPIO161",
        "GPIO162",
        "GPIO163",
        "GPIO164",
        "GPIO165",
        "GPIO166",
        "GPIO167",
        "GPIO168",
        "GPIO169",
        "GPIO17",
        "GPIO18",
        "GPIO19",
        "GPIO2",
        "GPIO20",
        "GPIO21",
        "GPIO22",
        "GPIO23",
        "GPIO24",
        "GPIO25",
        "GPIO26",
        "GPIO27",
        "GPIO28",
        "GPIO29",
        "GPIO3",
        "GPIO30",
        "GPIO31",
        "GPIO32",
        "GPIO33",
        "GPIO34",
        "GPIO35",
        "GPIO36",
        "GPIO37",
        "GPIO38",
        "GPIO39",
        "GPIO4",
        "GPIO40",
        "GPIO41",
        "GPIO42",
        "GPIO43",
        "GPIO44",
        "GPIO45",
        "GPIO46",
        "GPIO47",
        "GPIO48",
        "GPIO49",
        "GPIO5",
        "GPIO50",
        "GPIO51",
        "GPIO52",
        "GPIO53",
        "GPIO54",
        "GPIO55",
        "GPIO56",
        "GPIO57",
        "GPIO58",
        "GPIO59",
        "GPIO6",
        "GPIO60",
        "GPIO61",
        "GPIO62",
        "GPIO63",
        "GPIO64",
        "GPIO65",
        "GPIO66",
        "GPIO67",
        "GPIO68",
        "GPIO69",
        "GPIO7",
        "GPIO70",
        "GPIO71",
        "GPIO72",
        "GPIO73",
        "GPIO74",
        "GPIO75",
        "GPIO76",
        "GPIO77",
        "GPIO78",
        "GPIO79",
        "GPIO8",
        "GPIO80",
        "GPIO81",
        "GPIO82",
        "GPIO83",
        "GPIO84",
        "GPIO85",
        "GPIO86",
        "GPIO87",
        "GPIO88",
        "GPIO89",
        "GPIO9",
        "GPIO90",
        "GPIO91",
        "GPIO92",
        "GPIO93",
        "GPIO94",
        "GPIO95",
        "GPIO96",
        "GPIO97",
        "GPIO98",
        "GPIO99"
    ],
    "Memory_Interface": [
        "DDR0_ATEST",
        "DDR0_CAA0",
        "DDR0_CAA1",
        "DDR0_CAA2",
        "DDR0_CAA3",
        "DDR0_CAA4",
        "DDR0_CAA5",
        "DDR0_CAB0",
        "DDR0_CAB1",
        "DDR0_CAB2",
        "DDR0_CAB3",
        "DDR0_CAB4",
        "DDR0_CAB5",
        "DDR0_CKAC",
        "DDR0_CKAT",
        "DDR0_CKBC",
        "DDR0_CKBT",
        "DDR0_CKEA0",
        "DDR0_CKEA1",
        "DDR0_CKEB0",
        "DDR0_CKEB1",
        "DDR0_CSA0",
        "DDR0_CSA1",
        "DDR0_CSB0",
        "DDR0_CSB1",
        "DDR0_DMIA0",
        "DDR0_DMIA1",
        "DDR0_DMIB0",
        "DDR0_DMIB1",
        "DDR0_DQA0",
        "DDR0_DQA1",
        "DDR0_DQA10",
        "DDR0_DQA11",
        "DDR0_DQA12",
        "DDR0_DQA13",
        "DDR0_DQA14",
        "DDR0_DQA15",
        "DDR0_DQA2",
        "DDR0_DQA3",
        "DDR0_DQA4",
        "DDR0_DQA5",
        "DDR0_DQA6",
        "DDR0_DQA7",
        "DDR0_DQA8",
        "DDR0_DQA9",
        "DDR0_DQB0",
        "DDR0_DQB1",
        "DDR0_DQB10",
        "DDR0_DQB11",
        "DDR0_DQB12",
        "DDR0_DQB13",
        "DDR0_DQB14",
        "DDR0_DQB15",
        "DDR0_DQB2",
        "DDR0_DQB3",
        "DDR0_DQB4",
        "DDR0_DQB5",
        "DDR0_DQB6",
        "DDR0_DQB7",
        "DDR0_DQB8",
        "DDR0_DQB9",
        "DDR0_DQSAC0",
        "DDR0_DQSAC1",
        "DDR0_DQSAT0",
        "DDR0_DQSAT1",
        "DDR0_DQSBC0",
        "DDR0_DQSBC1",
        "DDR0_DQSBT0",
        "DDR0_DQSBT1",
        "DDR0_DTEST",
        "DDR1_ATEST",
        "DDR1_CAA0",
        "DDR1_CAA1",
        "DDR1_CAA2",
        "DDR1_CAA3",
        "DDR1_CAA4",
        "DDR1_CAA5",
        "DDR1_CAB0",
        "DDR1_CAB1",
        "DDR1_CAB2",
        "DDR1_CAB3",
        "DDR1_CAB4",
        "DDR1_CAB5",
        "DDR1_CKAC",
        "DDR1_CKAT",
        "DDR1_CKBC",
        "DDR1_CKBT",
        "DDR1_CKEA0",
        "DDR1_CKEA1",
        "DDR1_CKEB0",
        "DDR1_CKEB1",
        "DDR1_CSA0",
        "DDR1_CSA1",
        "DDR1_CSB0",
        "DDR1_CSB1",
        "DDR1_DMIA0",
        "DDR1_DMIA1",
        "DDR1_DMIB0",
        "DDR1_DMIB1",
        "DDR1_DQA0",
        "DDR1_DQA1",
        "DDR1_DQA10",
        "DDR1_DQA11",
        "DDR1_DQA12",
        "DDR1_DQA13",
        "DDR1_DQA14",
        "DDR1_DQA15",
        "DDR1_DQA2",
        "DDR1_DQA3",
        "DDR1_DQA4",
        "DDR1_DQA5",
        "DDR1_DQA6",
        "DDR1_DQA7",
        "DDR1_DQA8",
        "DDR1_DQA9",
        "DDR1_DQB0",
        "DDR1_DQB1",
        "DDR1_DQB10",
        "DDR1_DQB11",
        "DDR1_DQB12",
        "DDR1_DQB13",
        "DDR1_DQB14",
        "DDR1_DQB15",
        "DDR1_DQB2",
        "DDR1_DQB3",
        "DDR1_DQB4",
        "DDR1_DQB5",
        "DDR1_DQB6",
        "DDR1_DQB7",
        "DDR1_DQB8",
        "DDR1_DQB9",
        "DDR1_DQSAC0",
        "DDR1_DQSAC1",
        "DDR1_DQSAT0",
        "DDR1_DQSAT1",
        "DDR1_DQSBC0",
        "DDR1_DQSBC1",
        "DDR1_DQSBT0",
        "DDR1_DQSBT1",
        "DDR1_DTEST",
        "DDR_CALIBRATION",
        "DDR_DQ0",
        "DDR_DQ1",
        "DDR_DQ10",
        "DDR_DQ11",
        "DDR_DQ12",
        "DDR_DQ13",
        "DDR_DQ14",
        "DDR_DQ15",
        "DDR_DQ2",
        "DDR_DQ3",
        "DDR_DQ4",
        "DDR_DQ5",
        "DDR_DQ6",
        "DDR_DQ7",
        "DDR_DQ8",
        "DDR_DQ9",
        "DDR_DQS0",
        "DDR_DQS0_N",
        "DDR_DQS0_P",
        "DDR_DQS1",
        "DDR_DQS1_N",
        "DDR_DQS1_P",
        "DDR_DQS_N0",
        "DDR_DQS_N1",
        "DDR_MZQ",
        "SD0CMD",
        "SD0DAT0",
        "SD0DAT1",
        "SD0DAT2",
        "SD0DAT3",
        "SD0DAT4",
        "SD0DAT5",
        "SD0DAT6",
        "SD0DAT7",
        "SD0_CMD",
        "SD0_DATA0",
        "SD0_DATA1",
        "SD0_DATA2",
        "SD0_DATA3",
        "SD0_DATA4",
        "SD0_DATA5",
        "SD0_DATA6",
        "SD0_DATA7",
        "SD1DAT0",
        "SD1DAT1",
        "SD1DAT2",
        "SD1DAT3",
        "SD1_CMD",
        "SD1_DATA0",
        "SD1_DATA1",
        "SD1_DATA2",
        "SD1_DATA3",
        "SD2_CMD_A",
        "SD2_DAT0_A",
        "SD2_DAT1_A",
        "SD2_DAT2_A",
        "SD2_DAT3_A",
        "SDRADM0",
        "SDRADM1",
        "SDRADM2",
        "SDRADM3",
        "SDRADQ0",
        "SDRADQ1",
        "SDRADQ10",
        "SDRADQ11",
        "SDRADQ12",
        "SDRADQ13",
        "SDRADQ14",
        "SDRADQ15",
        "SDRADQ16",
        "SDRADQ17",
        "SDRADQ18",
        "SDRADQ19",
        "SDRADQ2",
        "SDRADQ20",
        "SDRADQ21",
        "SDRADQ22",
        "SDRADQ23",
        "SDRADQ24",
        "SDRADQ25",
        "SDRADQ26",
        "SDRADQ27",
        "SDRADQ28",
        "SDRADQ29",
        "SDRADQ3",
        "SDRADQ30",
        "SDRADQ31",
        "SDRADQ4",
        "SDRADQ5",
        "SDRADQ6",
        "SDRADQ7",
        "SDRADQ8",
        "SDRADQ9"
    ],
    "Address/Data multiplexed buses IO": [
        "AD0",
        "AD1",
        "AD10",
        "AD11",
        "AD12",
        "AD13",
        "AD14",
        "AD15",
        "AD16",
        "AD17",
        "AD18",
        "AD19",
        "AD2",
        "AD20",
        "AD21",
        "AD22",
        "AD23",
        "AD24",
        "AD25",
        "AD26",
        "AD27",
        "AD28",
        "AD29",
        "AD3",
        "AD30",
        "AD31",
        "AD4",
        "AD5",
        "AD6",
        "AD7",
        "AD8",
        "AD9",
        "PCLBUZ0_A",
        "PCLBUZ0_B",
        "DCURDY",
        "DCUTRST",
        "\\DCURDY",
        "\\DCUTRST"
    ],
    "BP IO Pins": [
        "BP_A0",
        "BP_A10",
        "BP_A11",
        "BP_A12",
        "BP_A13",
        "BP_A14",
        "BP_A15",
        "BP_A16",
        "BP_A17",
        "BP_A2",
        "BP_A24",
        "BP_A25",
        "BP_A26",
        "BP_A28",
        "BP_A29",
        "BP_A3",
        "BP_A30",
        "BP_A31",
        "BP_A33",
        "BP_A34",
        "BP_A35",
        "BP_A36",
        "BP_A4",
        "BP_A5",
        "BP_A6",
        "BP_A7",
        "BP_A8",
        "BP_A9",
        "BP_D0",
        "BP_D1",
        "BP_D10",
        "BP_D12",
        "BP_D13",
        "BP_D14",
        "BP_D15",
        "BP_D16",
        "BP_D17",
        "BP_D18",
        "BP_D19",
        "BP_D2",
        "BP_D20",
        "BP_D21",
        "BP_D22",
        "BP_D3",
        "BP_D4",
        "BP_D5",
        "BP_D6",
        "BP_D7",
        "BP_D8",
        "BP_D9",
        "BP_VREF"
    ],
    "Data Bus": [
        "D0",
        "D00",
        "D01",
        "D02",
        "D03",
        "D04",
        "D05",
        "D06",
        "D07",
        "D08",
        "D09",
        "D1",
        "D10",
        "D11",
        "D12",
        "D13",
        "D14",
        "D15",
        "D16",
        "D17",
        "D18",
        "D19",
        "D2",
        "D20",
        "D21",
        "D22",
        "D23",
        "D24",
        "D25",
        "D26",
        "D27",
        "D28",
        "D29",
        "D3",
        "D30",
        "D31",
        "D32",
        "D33",
        "D34",
        "D35",
        "D36",
        "D37",
        "D38",
        "D39",
        "D4",
        "D40",
        "D41",
        "D42",
        "D43",
        "D44",
        "D45",
        "D46",
        "D47",
        "D48",
        "D49",
        "D5",
        "D50",
        "D51",
        "D52",
        "D53",
        "D54",
        "D55",
        "D56",
        "D57",
        "D58",
        "D59",
        "D6",
        "D60",
        "D61",
        "D62",
        "D63",
        "D7",
        "D8",
        "D9",
        "AUDATA0",
        "AUDATA1",
        "AUDATA2",
        "AUDATA3",
        "AUDATA4",
        "AUDATA5",
        "S\\0\\",
        "S\\1\\",
        "S\\2\\"
    ],
    "LCD Pins": [
        "LCD0",
        "LCD1",
        "LCD10",
        "LCD11",
        "LCD12",
        "LCD13",
        "LCD14",
        "LCD15",
        "LCD2",
        "LCD3",
        "LCD4",
        "LCD5",
        "LCD6",
        "LCD7",
        "LCD8",
        "LCD9"
    ],
    "Switching Node": [
        "LX",
        "LY",
        "LZ",
        "SWCLK",
        "SWDIO"
    ],
    "Mode Pins": [
        "MD",
        "MD7",
        "MD8",
        "MODE14",
        "MODE5",
        "MODE6"
    ],
    "DDR3L Pins": [
        "MDQ0",
        "MDQ1",
        "MDQ10",
        "MDQ11",
        "MDQ12",
        "MDQ13",
        "MDQ14",
        "MDQ15",
        "MDQ16",
        "MDQ17",
        "MDQ18",
        "MDQ19",
        "MDQ2",
        "MDQ20",
        "MDQ21",
        "MDQ22",
        "MDQ23",
        "MDQ24",
        "MDQ25",
        "MDQ26",
        "MDQ27",
        "MDQ28",
        "MDQ29",
        "MDQ3",
        "MDQ30",
        "MDQ31",
        "MDQ4",
        "MDQ5",
        "MDQ6",
        "MDQ7",
        "MDQ8",
        "MDQ9"
    ],
    "SPI Interface": [
        "SCK",
        "SCK0",
        "SCK1_B",
        "SCK2_A",
        "SCK_SIO",
        "SCK",
        "MOSI",
        "MISO",
        "SS"
    ],
    "UART Interface": [
        "TX",
        "RX",
        "RTS",
        "CTS"
    ],
    "I2C Interface": [
        "SCL",
        "SDA",
        "I3C_SCL",
        "I3C_SDA",
        "RIIC0_SCL",
        "RIIC0_SDA",
        "RIIC1_SCL",
        "RIIC1_SDA",
        "SCL",
        "SCL0",
        "SCL1",
        "SDA",
        "SDA0",
        "SDA1",
        "SDA_SDIO",
        "SCL_SCLK",
        "SDO_A",
        "SDO_A1",
        "SDO_B",
        "SDO_C"


    ],
    "Miscelleneous_IO_Pins": [
        "AFE_HC1",
        "AFE_SCLK",
        "ANT",
        "CL2",
        "CTS0_B#",
        "CTS1_B#",
        "DETMS",
        "DU0_EXHSYNC",
        "DU0_EXODDF",
        "DU0_EXVSYNC",
        "ET0_MDIO",
        "ET0_TXC_TXCLK",
        "ET1_MDIO",
        "ET1_TXC_TXCLK",
        "HCTS0_A#",
        "HRTS0_A#",
        "HRX0_A",
        "HSCK0_A",
        "INT_ANT",
        "LPDMDBIA0",
        "LPDMDBIA1",
        "LPDMDBIB0",
        "LPDMDBIB1",
        "LPDQA0",
        "LPDQA1",
        "LPDQA10",
        "LPDQA11",
        "LPDQA12",
        "LPDQA13",
        "LPDQA14",
        "LPDQA15",
        "LPDQA2",
        "LPDQA3",
        "LPDQA4",
        "LPDQA5",
        "LPDQA6",
        "LPDQA7",
        "LPDQA8",
        "LPDQA9",
        "LPDQB0",
        "LPDQB1",
        "LPDQB10",
        "LPDQB11",
        "LPDQB12",
        "LPDQB13",
        "LPDQB14",
        "LPDQB15",
        "LPDQB2",
        "LPDQB3",
        "LPDQB4",
        "LPDQB5",
        "LPDQB6",
        "LPDQB7",
        "LPDQB8",
        "LPDQB9",
        "LPDQSAC0",
        "LPDQSAC1",
        "LPDQSAT0",
        "LPDQSAT1",
        "LPDQSBC0",
        "LPDQSBC1",
        "LPDQSBT0",
        "LPDQSBT1",
        "MZQ",
        "NSD",
        "OM_DQS",
        "OM_SIO4",
        "OM_SIO5",
        "OM_SIO6",
        "OM_SIO7",
        "OQSPIF_D1",
        "OQSPIF_D2",
        "OQSPIF_D3",
        "OQSPIF_DO",
        "QSPI0_IO0",
        "QSPI0_IO1",
        "QSPI0_IO2",
        "QSPI0_IO3",
        "QSPI1_IO0",
        "QSPI1_IO1",
        "QSPI1_IO2",
        "QSPI1_IO3",
        "QSPI1_SSL",
        "RFIOP",
        "RTS0_B#",
        "RTS1_B#",
        "SIOFSYNC",
        "SSI_SCK0_A",
        "SSI_SCK1_A",
        "SSI_SCK23",
        "SSI_SDATA0_A",
        "SSI_SDATA1_A",
        "SSI_SDATA2",
        "SSI_SDATA3",
        "SSI_WS0_A",
        "SSI_WS1_A",
        "SSI_WS23",
        "TCLK",
        "TESTN",
        "TESTP",
        "TMS/SWDIO",
        "TMS_SWDIO",
        "TSTBUSA",
        "TxD_SIO",
        "UDM",
        "UDM0",
        "UDM1",
        "UDP",
        "UDP0",
        "UDP1",
        "USD+",
        "USD-",
        "USDM",
        "USDP",
        "VCPWC",
        "VEPWC",
        "XSPI0_DS",
        "XSPI0_IO0",
        "XSPI0_IO1",
        "XSPI0_IO2",
        "XSPI0_IO3",
        "XSPI0_IO4",
        "XSPI0_IO5",
        "XSPI0_IO6",
        "XSPI0_IO7",
        "XSPI_DS",
        "XSPI_IO0",
        "XSPI_IO1",
        "XSPI_IO2",
        "XSPI_IO3",
        "XSPI_IO4",
        "XSPI_IO5",
        "XSPI_IO6",
        "XSPI_IO7",
        "\\ADTRG",
        "\\AFE_RLYCNT",
        "\\ASEBRK",
        "\\BE0",
        "\\BE1",
        "\\BE2",
        "\\BE3",
        "\\CE2A",
        "\\CE2B",
        "\\CTS2",
        "\\DEVSEL",
        "\\IOIS16",
        "\\IRDY",
        "\\PCC0CD1",
        "\\PCC0CD2",
        "\\PCC0DRV",
        "\\PCC0VS1",
        "\\PCC0VS2",
        "\\PCC0WAIT",
        "\\PCCREG",
        "\\PCIFRAME",
        "\\PCILOCK",
        "\\PCISTOP",
        "\\PERR",
        "\\RTS2",
        "\\SERR",
        "\\TRDY",
        "\\XOUT"
    ],
    "Port 00": [
        "P0_0",
        "P0_00",
        "P0_01",
        "P0_02",
        "P0_03",
        "P0_04",
        "P0_05",
        "P0_06",
        "P0_07",
        "P0_08",
        "P0_09",
        "P0_1",
        "P0_10",
        "P0_11",
        "P0_12",
        "P0_13",
        "P0_14",
        "P0_15",
        "P0_16",
        "P0_17",
        "P0_18",
        "P0_19",
        "P0_2",
        "P0_20",
        "P0_21",
        "P0_22",
        "P0_23",
        "P0_24",
        "P0_25",
        "P0_26",
        "P0_27",
        "P0_28",
        "P0_29",
        "P0_3",
        "P0_30",
        "P0_31",
        "P0_4",
        "P0_5",
        "P0_6",
        "P0_7",
        "P0_8",
        "P0_9",
        "P00",
        "P000",
        "P001",
        "P002",
        "P003",
        "P004",
        "P005",
        "P006",
        "P007",
        "P008",
        "P009",
        "P010",
        "P011",
        "P012",
        "P013",
        "P014",
        "P015",
        "P016",
        "P017",
        "P018",
        "P019",
        "P00_00",
        "P00_01",
        "P00_02",
        "P00_03",
        "P00_04",
        "P00_05",
        "P00_06",
        "P00_07",
        "P00_08",
        "P00_09",
        "P00_10",
        "P00_11",
        "P00_12",
        "P00_13",
        "P01",
        "P01",
        "P02",
        "P03",
        "P04",
        "P05",
        "P06",
        "P07",
        "P08",
        "P09"
    ],
    "Port 01": [
        "P01_00",
        "P01_01",
        "P01_02",
        "P01_03",
        "P01_04",
        "P01_05",
        "P01_06",
        "P01_07",
        "P01_08",
        "P01_09",
        "P01_10",
        "P01_11",
        "P01_12",
        "P01_13",
        "P01_14",
        "P01_15",
        "P01_6",
        "P01_7",
        "P10",
        "P11",
        "P12",
        "P13",
        "P14",
        "P15",
        "P16",
        "P17",
        "P18",
        "P19",
        "P109",
        "P108",
        "P1_0",
        "P1_00",
        "P1_01",
        "P1_02",
        "P1_03",
        "P1_04",
        "P1_05",
        "P1_06",
        "P1_07",
        "P1_08",
        "P1_09",
        "P1_10",
        "P1_0\u3000\u3000\u3000",
        "P1_1",
        "P1_11",
        "P1_12",
        "P1_13",
        "P1_14",
        "P1_15",
        "P1_16",
        "P1_17",
        "P1_18",
        "P1_19",
        "P1_1\u3000\u3000\u3000",
        "P1_2",
        "P1_20",
        "P1_21",
        "P1_22",
        "P1_23",
        "P1_24",
        "P1_25",
        "P1_26",
        "P1_27",
        "P1_28",
        "P1_29",
        "P1_2\u3000\u3000\u3000",
        "P1_3",
        "P1_30",
        "P1_31",
        "P1_3\u3000\u3000\u3000",
        "P1_4",
        "P1_4\u3000\u3000\u3000",
        "P1_5",
        "P1_6",
        "P1_7",
        "P1_8",
        "P1_9",
        "P1_10",
        "P1_11",
        "P011",
        "P012",
        "P1 10"
    ],
    "Port 02": [
        "P02_0",
        "P02_00",
        "P02_01",
        "P02_02",
        "P02_03",
        "P02_04",
        "P02_05",
        "P02_06",
        "P02_07",
        "P02_1",
        "P02_2",
        "P02_3",
        "P20",
        "P21",
        "P22",
        "P23",
        "P24",
        "P25",
        "P26",
        "P27",
        "P28",
        "P29",
        "P208",
        "P207",
        "P2_0",
        "P2_00",
        "P2_01",
        "P2_02",
        "P2_03",
        "P2_04",
        "P2_05",
        "P2_06",
        "P2_07",
        "P2_08",
        "P2_09",
        "P2_0\u3000\u3000\u3000",
        "P2_1",
        "P2_10",
        "P2_11",
        "P2_12",
        "P2_13",
        "P2_14",
        "P2_1\u3000\u3000\u3000",
        "P2_2",
        "P2_2\u3000\u3000\u3000",
        "P2_3",
        "P2_3\u3000\u3000\u3000",
        "P2_4",
        "P2_5",
        "P2_6",
        "P2_7",
        "P2_8",
        "P2_9"
    ],
    "Port 03": [
        "P03_0",
        "P03_00",
        "P03_01",
        "P03_02",
        "P03_03",
        "P03_04",
        "P03_05",
        "P03_06",
        "P03_07",
        "P03_08",
        "P03_09",
        "P03_10",
        "P03_11",
        "P03_12",
        "P03_13",
        "P03_14",
        "P03_15",
        "P03_2",
        "P03_3",
        "P03_4",
        "P03_5",
        "P03_6",
        "P03_7",
        "P30",
        "P31",
        "P32",
        "P33",
        "P34",
        "P35",
        "P36",
        "P37",
        "P38",
        "P39",
        "P3_0",
        "P3_1",
        "P3_10",
        "P3_11",
        "P3_12",
        "P3_13",
        "P3_14",
        "P3_2",
        "P3_3",
        "P3_4",
        "P3_5",
        "P3_6",
        "P3_7",
        "P3_8",
        "P3_9"
    ],
    "Port 04": [
        "P04_0",
        "P04_00",
        "P04_01",
        "P04_02",
        "P04_03",
        "P04_04",
        "P04_05",
        "P04_06",
        "P04_07",
        "P04_1",
        "P04_2",
        "P04_3",
        "P04_4",
        "P04_5",
        "P04_6",
        "P04_7",
        "P40",
        "P41",
        "P42",
        "P43",
        "P44",
        "P45",
        "P46",
        "P47",
        "P48",
        "P49",
        "P4_0",
        "P4_1",
        "P4_10",
        "P4_13",
        "P4_14",
        "P4_2",
        "P4_3",
        "P4_4",
        "P4_5",
        "P4_6",
        "P4_7",
        "P4_8",
        "P4_9",
        "P4_11",
        "P4_12",
        "P4_15",
        "P4_16",
        "P4_17",
        "P4_18",
        "P4_19",
        "P4_20"
    ],
    "Port 05": [
        "P05_0",
        "P05_00",
        "P05_01",
        "P05_02",
        "P05_03",
        "P05_1",
        "P05_2",
        "P05_3",
        "P05_4",
        "P05_5",
        "P05_6",
        "P05_7",
        "P5_0",
        "P5_1",
        "P5_10",
        "P5_12",
        "P5_13",
        "P5_14",
        "P5_15",
        "P5_2",
        "P5_3",
        "P5_4",
        "P5_5",
        "P5_6",
        "P5_7",
        "P5_8",
        "P5_9",
        "P50",
        "P500",
        "P501",
        "P502",
        "P503",
        "P504",
        "P505",
        "P506",
        "P507",
        "P51",
        "P511",
        "P512",
        "P52",
        "P53",
        "P54",
        "P55",
        "P56",
        "P57"
    ],
    "Port 06": [
        "P06_0",
        "P06_00",
        "P06_01",
        "P06_02",
        "P06_03",
        "P06_04",
        "P06_05",
        "P06_06",
        "P06_07",
        "P06_08",
        "P06_09",
        "P06_1",
        "P06_10",
        "P06_11",
        "P06_2",
        "P06_3",
        "P06_4",
        "P06_5",
        "P06_6",
        "P06_7",
        "P6_0",
        "P6_1",
        "P6_2",
        "P6_3",
        "P6_4",
        "P6_5",
        "P6_6",
        "P6_7",
        "P6_8",
        "P6_9",
        "P6_10",
        "P6_11",
        "P6_12",
        "P6_13",
        "P6_14",
        "P6_15",
        "P6_16",
        "P6_17",
        "P6_18",
        "P6_19",
        "P6_20",
        "P60",
        "P600",
        "P601",
        "P602",
        "P603",
        "P604",
        "P605",
        "P606",
        "P608",
        "P609",
        "P61",
        "P610",
        "P611",
        "P612",
        "P613",
        "P614",
        "P62",
        "P63",
        "P64",
        "P65",
        "P66",
        "P67"
    ],
    "Port 07": [
        "P07_0",
        "P07_00",
        "P07_01",
        "P07_02",
        "P07_03",
        "P07_04",
        "P07_05",
        "P07_1",
        "P07_2",
        "P07_3",
        "P07_4",
        "P07_5",
        "P07_6",
        "P07_7",
        "P7_0",
        "P7_1",
        "P7_2",
        "P7_3",
        "P7_4",
        "P7_5",
        "P7_6",
        "P7_7",
        "P7_8",
        "P7_9",
        "P7_10",
        "P70",
        "P700",
        "P701",
        "P702",
        "P703",
        "P704",
        "P705",
        "P708",
        "P709",
        "P71",
        "P710",
        "P711",
        "P712",
        "P713",
        "P72",
        "P73",
        "P74",
        "P75",
        "P76",
        "P77"
    ],
    "Port 08": [
        "P08_0",
        "P08_00",
        "P08_01",
        "P08_02",
        "P08_03",
        "P08_04",
        "P08_05",
        "P08_06",
        "P08_07",
        "P08_1",
        "P08_2",
        "P08_3",
        "P08_4",
        "P08_5",
        "P08_6",
        "P08_7",
        "P8_0",
        "P8_1",
        "P8_10",
        "P8_11",
        "P8_12",
        "P8_2",
        "P8_3",
        "P8_4",
        "P8_5",
        "P8_6",
        "P8_7",
        "P8_8",
        "P8_9",
        "P80",
        "P800",
        "P801",
        "P802",
        "P803",
        "P804",
        "P805",
        "P806",
        "P807",
        "P808",
        "P809",
        "P81",
        "P82",
        "P83",
        "P84",
        "P85",
        "P86",
        "P87"
    ],
    "Port 09": [
        "P09_0",
        "P09_00",
        "P09_01",
        "P09_02",
        "P09_03",
        "P09_04",
        "P09_05",
        "P09_06",
        "P09_07",
        "P09_1",
        "P09_2",
        "P09_3",
        "P09_4",
        "P09_5",
        "P09_6",
        "P09_7",
        "P9_0",
        "P9_0\u3000\u3000\u3000",
        "P9_1",
        "P9_1\u3000\u3000\u3000",
        "P9_2",
        "P9_2\u3000\u3000\u3000",
        "P9_3",
        "P9_3\u3000\u3000\u3000",
        "P9_4",
        "P9_5",
        "P9_6",
        "P9_7",
        "P90",
        "P900",
        "P901",
        "P902",
        "P91",
        "P92",
        "P93",
        "P94",
        "P95",
        "P96",
        "P97",
        "P914",
        "P913"
    ],
    "Port 10": [
        "P100",
        "P101",
        "P102",
        "P103",
        "P104",
        "P105",
        "P106",
        "P107",
        "P10_0",
        "P10_00",
        "P10_01",
        "P10_02",
        "P10_03",
        "P10_04",
        "P10_05",
        "P10_06",
        "P10_07",
        "P10_08",
        "P10_0\u3000\u3000\u3000",
        "P10_1",
        "P10_10",
        "P10_11",
        "P10_12",
        "P10_13",
        "P10_14",
        "P10_15",
        "P10_1\u3000\u3000\u3000",
        "P10_2",
        "P10_2\u3000\u3000\u3000",
        "P10_3",
        "P10_3\u3000\u3000\u3000",
        "P10_4",
        "P10_4\u3000\u3000\u3000",
        "P10_5",
        "P10_6",
        "P10_7",
        "P10_8",
        "P10_9"
    ],
    "Port 11": [
        "P110",
        "P111",
        "P112",
        "P113",
        "P114",
        "P115",
        "P116",
        "P117",
        "P11_0",
        "P11_00",
        "P11_01",
        "P11_02",
        "P11_03",
        "P11_04",
        "P11_05",
        "P11_06",
        "P11_07",
        "P11_08",
        "P11_1",
        "P11_2",
        "P11_3",
        "P11_4",
        "P11_5",
        "P11_6",
        "P11_7"
    ],
    "Port 12": [
        "P120",
        "P125",
        "P126",
        "P127",
        "P12_0",
        "P12_00",
        "P12_01",
        "P12_02",
        "P12_03",
        "P12_1",
        "P12_2",
        "P12_3",
        "P12_4",
        "P12_5",
        "P12_6",
        "P12_7"
    ],
    "Port 13": [
        "P131",
        "P132",
        "P133",
        "P134",
        "P135",
        "P136",
        "P137",
        "P138",
        "P139",
        "P13_0",
        "P13_00",
        "P13_01",
        "P13_02",
        "P13_03",
        "P13_04",
        "P13_05",
        "P13_06",
        "P13_07",
        "P13_08",
        "P13_09",
        "P13_1",
        "P13_10",
        "P13_11",
        "P13_2",
        "P13_3",
        "P13_4",
        "P13_5",
        "P13_6",
        "P13_7"
    ],
    "Port 14": [
        "P140",
        "P141",
        "P142",
        "P143",
        "P144",
        "P145",
        "P146",
        "P147",
        "P14_0",
        "P14_00",
        "P14_01",
        "P14_02",
        "P14_03",
        "P14_04",
        "P14_05",
        "P14_06",
        "P14_07",
        "P14_1",
        "P14_2",
        "P14_3",
        "P14_4",
        "P14_5",
        "P14_6",
        "P14_7"
    ],
    "Port 15": [
        "P150",
        "P151",
        "P152",
        "P153",
        "P154",
        "P155",
        "P156",
        "P157",
        "P15_0",
        "P15_00",
        "P15_01",
        "P15_02",
        "P15_03",
        "P15_04",
        "P15_05",
        "P15_06",
        "P15_07",
        "P15_08",
        "P15_09",
        "P15_1",
        "P15_10",
        "P15_11",
        "P15_12",
        "P15_13",
        "P15_14",
        "P15_15",
        "P15_2",
        "P15_3",
        "P15_4",
        "P15_5",
        "P15_6",
        "P15_7"
    ],
    "Port 16": [
        "P160",
        "P161",
        "P162",
        "P163",
        "P164",
        "P165",
        "P166",
        "P167",
        "P16_0",
        "P16_00",
        "P16_01",
        "P16_02",
        "P16_03",
        "P16_04",
        "P16_05",
        "P16_06",
        "P16_07",
        "P16_08",
        "P16_09",
        "P16_1",
        "P16_10",
        "P16_11",
        "P16_12",
        "P16_13",
        "P16_2",
        "P16_3",
        "P16_4",
        "P16_5",
        "P16_6",
        "P16_7",
        "P16_8",
        "P16_9"
    ],
    "Port 17": [
        "P17_0",
        "P17_00",
        "P17_1",
        "P17_10",
        "P17_11",
        "P17_2",
        "P17_3",
        "P17_4",
        "P17_5",
        "P17_6",
        "P17_7",
        "P17_8",
        "P17_9"
    ],
    "Port 18": [
        "P18_0",
        "P18_1",
        "P18_2",
        "P18_3",
        "P18_4",
        "P18_5",
        "P18_6",
        "P18_7"
    ],
    "Port 19": [
        "P19_0",
        "P19_1",
        "P19_2",
        "P19_3",
        "P19_4",
        "P19_5",
        "P19_6",
        "P19_7"
    ],
    "Port 20": [
        "P201",
        "P202",
        "P203",
        "P204",
        "P205",
        "P206",
        "P20_0",
        "P20_00",
        "P20_01",
        "P20_02",
        "P20_1",
        "P20_2",
        "P20_3",
        "P20_4",
        "P20_5",
        "P20_6",
        "P20_7"
    ],
    "Port 21": [
        "P21_0",
        "P21_00",
        "P21_1",
        "P21_2",
        "P21_3",
        "P21_4",
        "P21_5",
        "P21_6",
        "P21_7",
        "P21_8",
        "P21_9"
    ],
    "Port 22": [
        "P22_0",
        "P22_1",
        "P22_2",
        "P22_3",
        "P22_4",
        "P22_5",
        "P22_6",
        "P22_7"
    ],
    "Port 23": [
        "P23_0",
        "P23_1",
        "P23_2",
        "P23_3",
        "P23_4",
        "P23_5",
        "P23_6",
        "P23_7"
    ],
    "Port 24": [
        "P24_0",
        "P24_1",
        "P24_2"
    ],
    "Port 25": [
        "P25_0",
        "P25_1"
    ],
    "Port 26": [
        "P26_0",
        "P26_1"
    ],
    "Port 27": [
        "P27_0",
        "P27_1"
    ],
    "Port 28": [
        "P28_0",
        "P28_1"
    ],
    "Port 29": [
        "P29_0",
        "P29_1"
    ],
    "Port 30": [
        "P301",
        "P302",
        "P303",
        "P304",
        "P305",
        "P306",
        "P307",
        "P308",
        "P309",
        "P30_0",
        "P30_1"
    ],
    "Port 31": [
        "P310",
        "P311",
        "P312",
        "P313",
        "P314",
        "P315",
        "P31_0",
        "P31_1"
    ],
    "Port 32": [
        "P32_0",
        "P32_1"
    ],
    "Port 33": [
        "P33_0",
        "P33_1"
    ],
    "Port 34": [
        "P34_0",
        "P34_1"
    ],
    "Port 35": [
        "P35_0",
        "P35_1"
    ],
    "Port 36": [
        "P36(PUDP+)",
        "P36(PUPD+)",
        "P36_0",
        "P36_1"
    ],
    "Port 37": [
        "P37_0",
        "P37_1",
        "P37_2"
    ],
    "Port 38": [
        "P38_0",
        "P38_1"
    ],
    "Port 39": [
        "P39_0",
        "P39_1",
        "P39_2"
    ],
    "Port 40": [
        "P400",
        "P401",
        "P402",
        "P403",
        "P404",
        "P405",
        "P406",
        "P407",
        "P408",
        "P409",
        "P40_0",
        "P40_1",
        "P40_2"
    ],
    "Port 41": [
        "P410",
        "P411",
        "P412",
        "P413",
        "P414",
        "P415",
        "P41_0",
        "P41_1"
    ],
    "Port 42": [
        "P42_0",
        "P42_1",
        "P42_10",
        "P42_11",
        "P42_12",
        "P42_13",
        "P42_14",
        "P42_15",
        "P42_2",
        "P42_3",
        "P42_4",
        "P42_5",
        "P42_6",
        "P42_7",
        "P42_8",
        "P42_9"
    ],
    "Port 43": [
        "P43_0",
        "P43_1",
        "P43_2",
        "P43_3"
    ],
    "Port 44": [
        "P44_0",
        "P44_1",
        "P44_10",
        "P44_11",
        "P44_2",
        "P44_3",
        "P44_4",
        "P44_5",
        "P44_6",
        "P44_7",
        "P44_8",
        "P44_9"
    ],
    "Port 45": [
        "P45_0",
        "P45_1",
        "P45_10",
        "P45_11",
        "P45_12",
        "P45_13",
        "P45_2",
        "P45_3",
        "P45_4",
        "P45_5",
        "P45_6",
        "P45_7",
        "P45_8",
        "P45_9"
    ],
    "Port 46": [
        "P46_0",
        "P46_1",
        "P46_2",
        "P46_3"
    ],
    "Port 47": [
        "P47_0",
        "P47_1",
        "P47_2",
        "P47_3"
    ],
    "Port 48": [
        "P48_0",
        "P48_1",
        "P48_2",
        "P48_3",
        "P48_4"
    ],
    "Port A": [
        "PA0",
        "PA00",
        "PA01",
        "PA02",
        "PA03",
        "PA04",
        "PA05",
        "PA1",
        "PA10",
        "PA11",
        "PA12",
        "PA13",
        "PA14",
        "PA15",
        "PA16",
        "PA17",
        "PA18",
        "PA19",
        "PA2",
        "PA20",
        "PA21",
        "PA22",
        "PA23",
        "PA24",
        "PA25",
        "PA3",
        "PA4",
        "PA5",
        "PA6",
        "PA7",
        "PA8",
        "PA9",
        "PAR"
    ],
    "Port Analog 0": [
        "AP0_0",
        "AP0_1",
        "AP0_10",
        "AP0_11",
        "AP0_12",
        "AP0_13",
        "AP0_14",
        "AP0_15",
        "AP0_2",
        "AP0_3",
        "AP0_4",
        "AP0_5",
        "AP0_6",
        "AP0_7",
        "AP0_8",
        "AP0_9"
    ],
    "Port B": [
        "PB0",
        "PB00",
        "PB01",
        "PB02",
        "PB03",
        "PB04",
        "PB05",
        "PB06",
        "PB07",
        "PB08",
        "PB09",
        "PB1",
        "PB10",
        "PB11",
        "PB12",
        "PB13",
        "PB14",
        "PB15",
        "PB16",
        "PB17",
        "PB18",
        "PB19",
        "PB2",
        "PB20",
        "PB21",
        "PB22",
        "PB23",
        "PB3",
        "PB4",
        "PB5",
        "PB6",
        "PB7",
        "PB8",
        "PB9"
    ],
    "Port C": [
        "PC0",
        "PC00",
        "PC01",
        "PC02",
        "PC03",
        "PC04",
        "PC05",
        "PC06",
        "PC07",
        "PC08",
        "PC09",
        "PC1",
        "PC10",
        "PC11",
        "PC12",
        "PC13",
        "PC14",
        "PC15",
        "PC16",
        "PC17",
        "PC18",
        "PC19",
        "PC2",
        "PC20",
        "PC3",
        "PC4",
        "PC5",
        "PC6",
        "PC7",
        "PC8",
        "PC9",
        "PCC0BVD1",
        "PCC0BVD2",
        "PCC0RESET"
    ],
    "Port D": [
        "PD0",
        "PD00",
        "PD01",
        "PD02",
        "PD03",
        "PD04",
        "PD05",
        "PD06",
        "PD07",
        "PD08",
        "PD09",
        "PD1",
        "PD10",
        "PD11",
        "PD12",
        "PD13",
        "PD14",
        "PD15",
        "PD16",
        "PD17",
        "PD18",
        "PD19",
        "PD2",
        "PD20",
        "PD21",
        "PD22",
        "PD23",
        "PD24",
        "PD25",
        "PD26",
        "PD27",
        "PD28",
        "PD29",
        "PD3",
        "PD30",
        "PD31",
        "PD4",
        "PD5",
        "PD6",
        "PD7",
        "PD8",
        "PD9"
    ],
    "Port E": [
        "PE0",
        "PE00",
        "PE01",
        "PE02",
        "PE03",
        "PE04",
        "PE05",
        "PE06",
        "PE07",
        "PE08",
        "PE09",
        "PE1",
        "PE10",
        "PE11",
        "PE12",
        "PE13",
        "PE14",
        "PE15",
        "PE16",
        "PE17",
        "PE18",
        "PE19",
        "PE2",
        "PE20",
        "PE21",
        "PE22",
        "PE23",
        "PE24",
        "PE3",
        "PE4",
        "PE5",
        "PE6",
        "PE7",
        "PE8",
        "PE9",
        "PECI"
    ],
    "Port F": [
        "PF0",
        "PF00",
        "PF01",
        "PF02",
        "PF07",
        "PF1",
        "PF16",
        "PF17",
        "PF18",
        "PF19",
        "PF2",
        "PF20",
        "PF21",
        "PF22",
        "PF23",
        "PF3",
        "PF4",
        "PF5",
        "PF6",
        "PF7"
    ],
    "Port G": [
        "PG0",
        "PG00",
        "PG01",
        "PG02",
        "PG03",
        "PG1",
        "PG10",
        "PG11",
        "PG12",
        "PG13",
        "PG14",
        "PG15",
        "PG16",
        "PG17",
        "PG18",
        "PG19",
        "PG2",
        "PG20",
        "PG21",
        "PG22",
        "PG23",
        "PG24",
        "PG25",
        "PG26",
        "PG27",
        "PG3",
        "PG4",
        "PG5",
        "PG6",
        "PG7",
        "PG8",
        "PG9"
    ],
    "Port H": [
        "PH0",
        "PH1",
        "PH10",
        "PH11",
        "PH12",
        "PH13",
        "PH14",
        "PH15",
        "PH2",
        "PH3",
        "PH4",
        "PH5",
        "PH6",
        "PH7",
        "PH8",
        "PH9"
    ],
    "Port I": [
        "PI0",
        "PI1",
        "PI2",
        "PI3",
        "PI4",
        "PI5",
        "PI6",
        "PI7"
    ],
    "Port J": [
        "PJ0",
        "PJ00",
        "PJ01",
        "PJ02",
        "PJ03",
        "PJ04",
        "PJ05",
        "PJ06",
        "PJ07",
        "PJ08",
        "PJ09",
        "PJ1",
        "PJ10",
        "PJ11",
        "PJ12",
        "PJ13",
        "PJ14",
        "PJ15",
        "PJ16",
        "PJ17",
        "PJ18",
        "PJ19",
        "PJ2",
        "PJ20",
        "PJ21",
        "PJ22",
        "PJ23",
        "PJ24",
        "PJ25",
        "PJ26",
        "PJ27",
        "PJ28",
        "PJ29",
        "PJ3",
        "PJ30",
        "PJ31",
        "PJ4",
        "PJ5",
        "PJ6",
        "PJ7",
        "PJ8",
        "PJ9"
    ],
    "Port JTAG 0": [
        "JP0_0",
        "JP0_1",
        "JP0_2",
        "JP0_3",
        "JP0_4",
        "JP0_5"
    ],
    "Port K": [
        "PK0",
        "PK00",
        "PK01",
        "PK08",
        "PK09",
        "PK1",
        "PK10",
        "PK11",
        "PK12",
        "PK13",
        "PK14",
        "PK15",
        "PK2",
        "PK3",
        "PK4",
        "PK5",
        "PK6",
        "PK7",
        "PK8",
        "PK9"
    ],
    "Port L": [
        "PL0",
        "PL1",
        "PL10",
        "PL11",
        "PL12",
        "PL13",
        "PL14",
        "PL15",
        "PL2",
        "PL3",
        "PL4",
        "PL5",
        "PL6",
        "PL7",
        "PL8",
        "PL9"
    ],
    "Port M": [
        "PM0",
        "PM1",
        "PM10",
        "PM11",
        "PM12",
        "PM13",
        "PM14",
        "PM15",
        "PM2",
        "PM3",
        "PM4",
        "PM5",
        "PM6",
        "PM7",
        "PM8",
        "PM9"
    ],
    "Port N": [
        "PN0",
        "PN1",
        "PN2",
        "PN3",
        "PN4",
        "PN5",
        "PN6",
        "PN7"
    ],
    "Port P": [
        "PP0",
        "PP1",
        "PP2",
        "PP3",
        "PP4",
        "PP5"
    ],
    "Port Q": [
        "PQ0",
        "PQ1",
        "PQ2",
        "PQ3",
        "PQ4",
        "PQ5",
        "PQ6",
        "PQ7"
    ],
    "Port R": [
        "PR0",
        "PR1",
        "PR2",
        "PR3"
    ],
    "Port S": [
        "PS0",
        "PS1",
        "PS2",
        "PS3",
        "PS4",
        "PS5",
        "PS6",
        "PS7"
    ],
    "Port T": [
        "PTD5",
        "PTD7",
        "PTD[5]",
        "PTD[7]",
        "PTE0",
        "PTE1",
        "PTE2",
        "PTE3",
        "PTE6",
        "PTE7",
        "PTE[0]",
        "PTE[1]",
        "PTE[2]",
        "PTE[3]",
        "PTE[6]",
        "PTE[7]",
        "PTF[3]",
        "PTF[4]",
        "PTF[5]",
        "PTF[6]",
        "PTF[7]",
        "PTG4",
        "PTG5",
        "PTG[5]",
        "PTJ1",
        "PTJ3",
        "PTJ4",
        "PTJ5",
        "PTM[5]",
        "PTM[6]"
    ],
    "Port U": [
        "PU7"
    ],
    "USB_Interface": [
        "DM",
        "DM0",
        "DM1",
        "DP",
        "DP0",
        "DP1",
        "USB0_DM",
        "USB0_DP",
        "USB1_DM",
        "USB1_DP",
        "USB1_M",
        "USB1_M(ANALOG)",
        "USB1_P",
        "USB1_P(ANALOG)",
        "USB20_DM",
        "USB20_DP",
        "USB21_DM",
        "USB21_DP",
        "USB2_M",
        "USB2_M(ANALOG)",
        "USB2_P",
        "USB2_P(ANALOG)",
        "USB30_DM",
        "USB30_DP",
        "USB31_DM",
        "USB31_DP",
        "USBA_DM",
        "USBA_DP",
        "USB_DM",
        "USB_DM1",
        "USB_DM2",
        "USB_DP",
        "USB_DP1",
        "USB_DP2"
    ],
    "RDC_Interface_RDC3A0": [
        "RDC3A0S1",
        "RDC3A0S2", 
        "RDC3A0S3", 
        "RDC3A0S4",
        "RDC3A0COM",
        "RDC3A0RSO"
    ],
      
      "RDC_Interface_RDC3A1": [
        "RDC3A1S1", 
        "RDC3A1S2", 
        "RDC3A1S3", 
        "RDC3A1S4",
        "RDC3A1COM",
        "RDC3A1RSO"
    ]

}