{


    "Audio_Pins": [
        "AUD_CLK",
        "AUDIO_CLK",
        "AUDIO_CLK_A",
        "AUDIO_CLK_B",
        "AUDIO_CLK_C",
        "AUDIO_CLK_D",
        "AUDIO_CLK_E",
        "AUDIO_CLK_F",
        "AUDIO_CLK_G",
        "AUDIO_CLK_H",
        "AUDIO_DATA0_A",
        "AUDIO_DATA1_A",
        "AUDIO_DATA2_A",
        "AUDIO_DATA3_A",
        "AUDIO_DATA4_A",
        "AUDIO_DATA5_A",
        "AUDIO_DATA6_A",
        "AUDIO_DATA7_A",
        "AUDIO_CLK1",
        "AUDIO_CLK2",
        "AUDIO_CLKA_A",
        "AUDIO_CLKB_A",
        "AUDIO_CLKC",
        "AUDIO_X1",
        "AUDIO_X2",
        "AUDIO_EXTAL",
        "AUDIO_CLKOUT",
        "\\AUDSYNC",
        "\\AUDRST"
    ],

    "Boot_Config": [
        "BOOTCPUSEL",
        "BOOTPLLCA0",
        "BOOTPLLCA1",
        "UROM_EN"
    ],
    "CAN_Interface": [
        "BSCANP",
        "CAN0_RX_A",
        "CAN1_RX_A",
        "CAN_CLK_A",
        "ERXD0",
        "ERXD1",
        "ERXD2",
        "ERXD3",
        "ET0_RXD0",
        "ET0_RXD1",
        "ET0_RXD2",
        "ET0_RXD3",
        "ET0_RXER",
        "ET1_RXD0",
        "ET1_RXD1",
        "ET1_RXD2",
        "ET1_RXD3",
        "ET1_RXER",
        "HRXD",
        "HRxD",
        "HRxD0",
        "HRxD1",
        "PCIE_RXDNL0",
        "PCIE_RXDNL1",
        "PCIE_RXDNL2",
        "PCIE_RXDNL3",
        "PCIE_RXDPL0",
        "PCIE_RXDPL1",
        "PCIE_RXDPL2",
        "PCIE_RXDPL3",
        "PCIE_RX_DN",
        "PCIE_RX_DP",
        "PCRXD0M",
        "PCRXD0P",
        "PCRXD1M",
        "PCRXD1P",
        "RX-CLK",
        "RX-DV",
        "RX-ER",
        "RX0_A",
        "RXD",
        "RxD_SIO",
        "RxM",
        "RxP",
        "SCIF2_RXD",
        "SCIF_RXD",
        "USB30_RX0M",
        "USB30_RX0P",
        "USB31_RX0M",
        "USB31_RX0P",
        "USRX0M",
        "USRX0P"
    ],
    "Chip_Select": [
        "CSI0_CLKN",
        "CSI0_CLKP",
        "CSI0_DATA0N",
        "CSI0_DATA0P",
        "CSI0_DATA1N",
        "CSI0_DATA1P",
        "CSI0_DATA2N",
        "CSI0_DATA2P",
        "CSI0_DATA3N",
        "CSI0_DATA3P",
        "CSI1_CLKN",
        "CSI1_CLKP",
        "CSI1_DATA0N",
        "CSI1_DATA0P",
        "CSI1_DATA1N",
        "CSI1_DATA1P",
        "CSI1_DATA2N",
        "CSI1_DATA2P",
        "CSI1_DATA3N",
        "CSI1_DATA3P",
        "CSI2_CLKN",
        "CSI2_CLKP",
        "CSI2_DATA0N",
        "CSI2_DATA0P",
        "CSI2_DATA1N",
        "CSI2_DATA1P",
        "CSI2_DATA2N",
        "CSI2_DATA2P",
        "CSI2_DATA3N",
        "CSI2_DATA3P",
        "CSI3_CLKN",
        "CSI3_CLKP",
        "CSI3_DATA0N",
        "CSI3_DATA0P",
        "CSI3_DATA1N",
        "CSI3_DATA1P",
        "CSI3_DATA2N",
        "CSI3_DATA2P",
        "CSI3_DATA3N",
        "CSI3_DATA3P",
        "CSI_CLKN",
        "CSI_CLKP",
        "CSI_DATA0_N",
        "CSI_DATA0_P",
        "CSI_DATA1_N",
        "CSI_DATA1_P",
        "CSI_DATA2_N",
        "CSI_DATA2_P",
        "CSI_DATA3_N",
        "CSI_DATA3_P",
        "XSPI0_ECS0N",
        "CS",
        "CS0",
        "CS1",
        "CS2",
        "CS3",
        "CS4",
        "CS5",
        "nCS_A0"
    ],
    "DREQ": [
        "DREQ0",
        "DREQ1",
        "\\DREQ0",
        "\\DREQ1"
    ],

    "Ethernet_Interface": [
        "DET3OR5",
        "ET0_COL",
        "ET0_CRS",
        "ET1_COL",
        "ET1_CRS"
    ],

    "JTAG_Interface":[
        "JTAG_TCK",
        "JTAG_TDI",
        "JTAG_TRST_N",
        "DCUTCK",
        "DCUTDI",
        "DCUTMS",
        "DCUTRSTN#"

    ],
    "External_Clock": [
        "EMEXTAL",
        "EXCIN",
        "EXCLK",
        "EXRES1",
        "EXTAL",
        "EXTAL2",
        "EXTAL48",
        "EXTCLKIN",
        "EX_WAIT0",
        "EX_WAIT1",
        "EX_WAIT2",
        "PCREXT",
        "QEXTAL",
        "REXT",
        "USBEXTAL",
        "USB_EXTAL"
    ],
    "External_Clock_Capacitor": [
        "ET0_RXCTL_RXDV",
        "ET0_RXC_RXCLK",
        "ET1_RXCTL_RXDV",
        "ET1_RXC_RXCLK",
        "XCIN"
    ],
    "External_Wait": [
        "\\WAIT"
    ],
    "General_IO": [
        "PF10",
        "PF11",
        "PF12",
        "PGA00N",
        "PGA00P",
        "PGA0N",
        "PN04",
        "PN05",
        "PTF3",
        "PTF4",
        "PTG[4]",
        "PTM4",
        "PTM5",
        "PTM[4]",
        "PTM[7]"
    ],
    "Interrupt": [
        "INTR",
        "INT",
        "ET0_PHYINTR",
        "ET1_PHYINTR",
        "IRL0#",
        "IRL1#",
        "IRL2#",
        "IRL3#",
        "NMI",
        "XSPI0_INT0N",
        "\\IRL3",
        "\\NMI",
        "\\QSPI_INT",
        "nMR"
    ],
    "Main_Clock": [
        "CLK",
        "DU0_DOTCLKIN",
        "MCLK_XI",
        "OSC1",
        "OSC2",
        "RTC_X1",
        "RTC_XI",
        "RTXIN",
        "RX1_B",
        "USB_X1",
        "VIDEO_X1",
        "X1",
        "X2",
        "XIN",
        "X1[CL1]",
        "X2[CL2]"
    ],

    "Clock_Diffierential_pair_0":[
        "CLKIN0",
        "nCLKIN0"
    ],
    "Clock_Diffierential_pair_1":[
        "CLKIN1",
        "nCLKIN1"
    ],
    "Clock_Diffierential_pair_2":[
        "CLKIN2",
        "nCLKIN2"
    ],
    "Clock_Diffierential_pair_3":[
        "CLKIN3",
        "nCLKIN3"
    ],
    "Clock_Diffierential_pair_4":[
        "CLKIN4",
        "nCLKIN4"
    ],

    "Mode": [
        "ASEMD",
        "ASEMD#",
        "ASEMD0#",
        "ASEMODE",
        "BOOTSELCPU",
        "BSMODE",
        "CONFIG0",
        "CONFIG1",
        "CONFIG2",
        "FLMD0",
        "FLMD1",
        "MD/FINED",
        "MD0",
        "MD1",
        "MD2",
        "MD3",
        "MD4",
        "MD5",
        "MD6",
        "MDE",
        "MDX",
        "MD_BOOT0",
        "MD_BOOT1",
        "MD_BOOT2",
        "MD_BOOT3",
        "MD_BOOT4",
        "MD_BYPASS",
        "MD_CLK",
        "MD_CLK0",
        "MD_CLKS",
        "MD_OSCDRV0",
        "MD_OSCDRV1",
        "MODE",
        "MODE0",
        "MODE1",
        "MODE2",
        "MPMD",
        "FLMODE",
        "FLMD",
        "PWCTEST1",
        "PWTEST",
        "RETEST0",
        "RETEST1",
        "RETESTH0",
        "RETESTH1",
        "RETESTH2",
        "RETESTH3",
        "RETESTH4",
        "RETESTH5",
        "RETESTH6",
        "RETESTRL",
        "TEST",
        "TEST1",
        "TEST2",
        "TESTMD#",
        "THMODE",
        "TMOD",
        "\\ASEMD",
        "\\ASEMD0",
        "\\DBGMD",
        "\\TEST1"
    ],
    "On_Chip_Oscillator": [
        "DETCK",
        "DETDI",
        "DETRSTN#",
        "OC_EN",
        "PLLCAP",
        "PLLCAP1",
        "PLLCAP2",
        "RTRSTN#",
        "TCK",
        "TCK/SWDCLK",
        "TCK_SWCLK",
        "TDI",
        "TMS",
        "TRST",
        "TRST#",
        "TRSTN",
        "\\TRST"
    ],
    "Other_Input": [
        "AMP0N",
        "AMP0P",
        "AMP1N",
        "AMP2N",
        "AN0",
        "AN000",
        "AN001",
        "AN002",
        "AN003",
        "AN004",
        "AN005",
        "AN006",
        "AN007",
        "AN1",
        "AN10",
        "AN100",
        "AN101",
        "AN102",
        "AN103",
        "AN104",
        "AN105",
        "AN106",
        "AN107",
        "AN108",
        "AN109",
        "AN11",
        "AN110",
        "AN111",
        "AN112",
        "AN113",
        "AN114",
        "AN115",
        "AN12",
        "AN13",
        "AN14",
        "AN15",
        "AN2",
        "AN3",
        "AN4",
        "AN5",
        "AN6",
        "AN7",
        "AN8",
        "AN9",
        "ANDS0",
        "ANDS0N",
        "ANDS0P",
        "ANDS1",
        "ANDS1N",
        "ANDS1P",
        "ANDS2",
        "ANDS2N",
        "ANDS2P",
        "ANDS3",
        "ANDS3N",
        "ANDS3P",
        "ANDS4",
        "ANDS4N",
        "ANDS4P",
        "ANDS5",
        "ANDS5N",
        "ANDS5P",
        "ANDS6",
        "ASEBRK#",
        "BIAS",
        "BYTE",
        "CA",
        "CK_PHY",
        "COL",
        "CRS",
        "DCLIN",
        "DCLIN_A",
        "DCLIN_D",
        "DEBUGEN",
        "DESRSTN#",
        "FEW",
        "HSTBY#",
        "IDSEL",
        "IRQ0",
        "IRQ0_A",
        "IRQ1",
        "IRQ1_A",
        "IRQ2",
        "IRQ2_A",
        "IRQ3",
        "IRQ3_A",
        "IRQ4",
        "LCLK",
        "OVC0",
        "OVC1",
        "PCICLK",
        "PF13",
        "PF14",
        "PF15",
        "PF8",
        "PF9",
        "PGA0P",
        "PGA10N",
        "PGA10P",
        "PGA11N",
        "PGA11P",
        "PGA1N",
        "PGA1P",
        "PGA2N",
        "PGA2P",
        "PGA3N",
        "PGA3P",
        "PN00",
        "PN01",
        "PN02",
        "PN03",
        "PTF5",
        "PTF6",
        "PTF7",
        "PTM6",
        "PTM7",
        "PWRGD",
        "QBYPASS",
        "RDY#",
        "RFCTLEN",
        "RFIP",
        "RSTB",
        "RSTN#",
        "RTISO",
        "RxD0",
        "RxD2",
        "SCIF_CLK_A",
        "SCK0_A",
        "SCK2",
        "SCLK",
        "SCPT7",
        "SCPT[7]",
        "SD2_CD_A",
        "SD2_WP_A",
        "SDBUP",
        "SEN",
        "SIN",
        "SIOMCLK",
        "TAMPIN",
        "THDCD",
        "THDCTL",
        "TMC1",
        "TMC2",
        "TX-CLK",
        "UPSEL",
        "VBUS",
        "VI1_0_A",
        "VI1_1_A",
        "VI1_2_A",
        "VI1_3_A",
        "VI1_4_A",
        "VI1_5_A",
        "VI1_6_A",
        "VI1_7_A",
        "VI1_CLK_A",
        "VIN1",
        "VIN2",
        "VINN",
        "VINP",
        "XSPI0_RSTO0N",
        "XT1",
        "XT2",
        "XTAL1_RF",
        "XTAL2_RF",
        "XTAL48",
        "\\ADTRG",
        "\\BREQ",
        "\\BRLS",
        "\\BUSHiZ",
        "\\CKIO2ENB",
        "\\CKPREQ",
        "\\IRL0",
        "\\IRL1",
        "\\IRL2",
        "\\PCIREQ1",
        "\\PCIREQ2",
        "\\PCIREQ3",
        "\\PCIREQ4",
        "\\PRST",
        "\\USB1_ovr_current",
        "\\USB2_ovr_current",
        "\\WKUP0",
        "nRST"
    ],

    "ADC0_Channel": [
        "ADC0I0",
        "ADC0I1", 
        "ADC0I2", 
        "ADC0I3", 
        "ADC0I4", 
        "ADC0I5",
        "ADC0I10", 
        "ADC0I11", 
        "ADC0I12", 
        "ADC0I13", 
        "ADC0I14", 
        "ADC0I15"
    ],

    "ADC0_Channel_Group_0": [
        "ADCC0I00", 
        "ADCC0I01", 
        "ADCC0I02", 
        "ADCC0I03"
    ],
    "ADC0_Channel_Group_1": [
        "ADCC0I10", 
        "ADCC0I11", 
        "ADCC0I12", 
        "ADCC0I13"
    ],
    "ADC0_Channel_Group_2": [
        "ADCC0I20", 
        "ADCC0I21", 
        "ADCC0I22", 
        "ADCC0I23"
    ],
    "ADC0_Channel_Group_3": [
        "ADCC0I30", 
        "ADCC0I31", 
        "ADCC0I32", 
        "ADCC0I33"
    ],


    "ADC1_Channel": [
        "ADC1_IN0", 
        "ADC1_IN1", 
        "ADC1_IN2", 
        "ADC1_IN3", 
        "ADC1_IN4",
        "ADC1_IN6", 
        "ADC1_IN7", 
        "ADC1_IN8"
    ],

    "ADC1_Channel_Group_0": [
        "ADCC1I00", 
        "ADCC1I01", 
        "ADCC1I02", 
        "ADCC1I03"
    ],
    "ADC1_Channel_Group_1": [
        "ADCC1I10", 
        "ADCC1I11", 
        "ADCC1I12", 
        "ADCC1I13"
    ],
    "ADC1_Channel_Group_2": [
        "ADCC1I20", 
        "ADCC1I21", 
        "ADCC1I22", 
        "ADCC1I23"
    ],
    "ADC1_Channel_Group_3": [
        "ADCC1I30", 
        "ADCC1I31", 
        "ADCC1I32", 
        "ADCC1I33"
    ],

    "ADC2_Channel": [
        "ADC2_IN0", 
        "ADC2_IN1", 
        "ADC2_IN2", 
        "ADC2_IN3", 
        "ADC2_IN4",
        "ADC2_IN6", 
        "ADC2_IN7", 
        "ADC2_IN8"
    ],

    "ADC2_Channel_Group_0": [
        "ADCC2I00", 
        "ADCC2I01", 
        "ADCC2I02", 
        "ADCC2I03"
    ],
    "ADC2_Channel_Group_1": [
        "ADCC2I10", 
        "ADCC2I11", 
        "ADCC2I12", 
        "ADCC2I13"
    ],
    "ADC2_Channel_Group_2": [
        "ADCC2I20", 
        "ADCC2I21", 
        "ADCC2I22", 
        "ADCC2I23"
    ],
    "ADC2_Channel_Group_3": [
        "ADCC2I30", 
        "ADCC2I31", 
        "ADCC2I32", 
        "ADCC2I33"
    ],
    "Generic_ADC_Channel": [
        "ADC_CH0", 
        "ADC_CH1", 
        "ADC_CH2", 
        "ADC_CH3", 
        "ADC_CH4",
        "ADC_CH5", 
        "ADC_CH6", 
        "ADC_CH7"
    ],


    "Analog_Inputs_AIN": [
        "AIN0",
        "AIN1", 
        "AIN4", 
        "AIN5", 
        "AIN6", 
        "AIN7",
        "AIN11", 
        "AIN12", 
        "AIN13", 
        "AIN14", 
        "AIN15"
    ],
    "Analog_Inputs_ANI": [
        "ANI0", 
        "ANI1", 
        "ANI2", 
        "ANI3", 
        "ANI4", 
        "ANI5", 
        "ANI6", 
        "ANI7",
        "ANI9", 
        "ANI12", 
        "ANI13", 
        "ANI14"
    ],
    "Analog_Inputs_ANI_Indexed": [
        "ANI000", 
        "ANI001", 
        "ANI002", 
        "ANI003", 
        "ANI004",
        "ANI005", 
        "ANI006", 
        "ANI007"
    ],
    "Analog_Inputs_ANIN_ANIP": [
        "ANIN0", 
        "ANIN1", 
        "ANIN2", 
        "ANIN3",
        "ANIP0", 
        "ANIP1", 
        "ANIP2", 
        "ANIP3"
    ],
    "Analog_Inputs_AN_Array": [
        "AN[2]", 
        "AN[3]", 
        "AN[4]", 
        "AN[5]", 
        "AN[6]", 
        "AN[7]"
    ],

    "High_Voltage_Analog_Inputs": [
        "HVAIN0", 
        "HVAIN1", 
        "HVAIN2", 
        "HVAIN3"
    ],

    "PCIe_Reference_Clocks": [
        "PCIE_REFCLKN0", 
        "PCIE_REFCLKN1", 
        "PCIE_REFCLKP0", 
        "PCIE_REFCLKP1"
    ],

    "Generic_Reference_Clocks": [
        "PCREFCKM", 
        "PCREFCKP", 
        "REF0N", 
        "REF0P", 
        "REF1N", 
        "REF1P",
        "REF125CK", 
        "REF50CK"
    ],

    "Reset": [
        "QRESN",
        "QRESNSEL",
        "RESET",
        "RES",
        "RES#",
        "RSTN",
        "\\MRESET",
        "\\PRESET",
        "\\RDY",
        "\\RES",
        "\\RES(Vpp)",
        "\\RESET",
        "\\RESETM",
        "\\RESETP",
        "R\\E\\S\\"
    ],
    "Standby": [
        "STANDBY",
        "STBY#",
        "CTRSTBYB",
        "\\HSTBY",
        "STANDBY",
        "STBY#",
        "S\\T\\B\\Y\\",
        "\\STBY"
    ],
    "System": [
        "#RES",
        "EMLE",
        "FWE",
        "FWP",
        "MBKPRST#",
        "MRESET_N",
        "PRESET#",
        "PRST#",
        "PWRSTN#",
        "RESET#",
        "RESETZ",
        "UB",
        "UB#",
        "USB20_VUBUSIN",
        "VBATTRESET#",
        "\\SLEEP",
        "\\Scan_testen",
        "\\UBPM"
    ],
    "USB_Interface": [
        "USB0_VBUSIN",
        "USB20_OTGID",
        "USB20_TXRTUNE",
        "USB21_TXRTUNE",
        "USB30_TXRTUNE",
        "USB31_TXRTUNE",
        "USB_OVC0",
        "USB_OVC1",
        "USB_VBUS",
        "USOTGID",
        "USOVC#",
        "USVBUS",
        "UVBUS",
        "\\USB1_ovr_CURRENT",
        "\\USB2_ovr_CURRENT"
    ],

    "Data Bus":[
        "AUDCK"
    ]

}