{

    "Common_Output": [
        "COM0",
        "COM1",
        "COM2",
        "COM3",
        "COM4",
        "COM5",
        "COM6",
        "COM7"
    ],

    "General_Output_Differential_pair_OUT0":[
        "OUT0",
        "nOUT0"
    ],
    "General_Output_Differential_pair_OUT1":[
        "OUT1",
        "nOUT1"
    ],
    "General_Output_Differential_pair_OUT2":[
        "OUT2",
        "nOUT2"
    ],
    "General_Output_Differential_pair_OUT3":[
        "OUT3",
        "nOUT3"
    ],
    "General_Output_Differential_pair_OUT4":[
        "OUT4",
        "nOUT4"
    ],
    "General_Output_Differential_pair_OUT5":[
        "OUT5",
        "nOUT5"
    ],
    "General_Output_Differential_pair_OUT6":[
        "OUT6",
        "nOUT6"
    ],
    "General_Output_Differential_pair_OUT7":[
        "OUT7",
        "nOUT7"
    ],
    "General_Output_Differential_pair_OUT8":[
        "OUT8",
        "nOUT8"
    ],
    "General_Output_Differential_pair_OUT9":[
        "OUT9",
        "nOUT9"
    ],
    "General_Output_Differential_pair_OUT10":[
        "OUT10",
        "nOUT10"
    ],
    "General_Output_Differential_pair_OUT11":[
        "OUT11",
        "nOUT11"
    ],
    "General_Output_Differential_pair_OUT12":[
        "OUT12",
        "nOUT12"
    ],
    "General_Output_Differential_pair_OUT13":[
        "OUT13",
        "nOUT13"
    ],    

    "DDR_Interface_Output": [
        "DDR_ADDR0",
        "DDR_ADDR1",
        "DDR_ADDR10",
        "DDR_ADDR11",
        "DDR_ADDR12",
        "DDR_ADDR13",
        "DDR_ADDR14",
        "DDR_ADDR15",
        "DDR_ADDR2",
        "DDR_ADDR3",
        "DDR_ADDR4",
        "DDR_ADDR5",
        "DDR_ADDR6",
        "DDR_ADDR7",
        "DDR_ADDR8",
        "DDR_ADDR9",
        "DDR_BA0",
        "DDR_BA1",
        "DDR_BA2",
        "DDR_CAS",
        "DDR_CKE",
        "DDR_CLKEN",
        "DDR_CLKN",
        "DDR_CLKP",
        "DDR_CLK_N",
        "DDR_CLK_P",
        "DDR_CS0",
        "DDR_CS1",
        "DDR_DM0",
        "DDR_DM1",
        "DDR_ODT0",
        "DDR_ODT1",
        "DDR_RAS",
        "DDR_WE",
        "\\DDR_CAS",
        "\\DDR_CS0",
        "\\DDR_CS1",
        "\\DDR_RAS",
        "\\DDR_WE"
    ],

    "Error_Output": [
        "ERROROUT",
        "ERROROUT#",
        "ERROROUTZ",
        "\\ERROROUT_M"
    ],


    "Ethernet_Interface_Output": [
        "ET0_MDC",
        "ET0_TXCTL_TXEN",
        "ET0_TXD0",
        "ET0_TXD1",
        "ET0_TXD2",
        "ET0_TXD3",
        "ET0_TXER",
        "ET1_MDC",
        "ET1_TXCTL_TXEN",
        "ET1_TXD0",
        "ET1_TXD1",
        "ET1_TXD2",
        "ET1_TXD3",
        "ET1_TXER",
        "ETXD0",
        "ETXD1",
        "ETXD2",
        "ETXD3"
    ],
    "External_Clock": [
        "EXTLDN",
        "EXTLDP",
        "XCOUT"
    ],
    "GPIO_Output": [
        "A0",
        "A00",
        "A01",
        "A02",
        "A03",
        "A04",
        "A05",
        "A06",
        "A07",
        "A08",
        "A09",
        "A1",
        "A10",
        "A11",
        "A12",
        "A13",
        "A14",
        "A15",
        "A16",
        "A17",
        "A18",
        "A19",
        "A2",
        "A20",
        "A21",
        "A22",
        "A23",
        "A24",
        "A25",
        "A3",
        "A4",
        "A5",
        "A6",
        "A7",
        "A8",
        "A9",
        "DA0",
        "DSI_DATA0_N",
        "DSI_DATA0_P",
        "DSI_DATA1_N",
        "DSI_DATA1_P",
        "DSI_DATA2_N",
        "DSI_DATA2_P",
        "DSI_DATA3_N",
        "DSI_DATA3_P",
        "DSI_DNDATA0",
        "DSI_DNDATA1",
        "DSI_DNDATA2",
        "DSI_DNDATA3",
        "DSI_DPDATA0",
        "DSI_DPDATA1",
        "DSI_DPDATA2",
        "DSI_DPDATA3",
        "LPCAA0",
        "LPCAA1",
        "LPCAA2",
        "LPCAA3",
        "LPCAA4",
        "LPCAA5",
        "LPCKEA0",
        "LPCKEA1",
        "LPCSA0",
        "LPCSA1",
        "MA0",
        "MA1",
        "MA10",
        "MA11",
        "MA12",
        "MA13",
        "MA14",
        "MA2",
        "MA3",
        "MA4",
        "MA5",
        "MA6",
        "MA7",
        "MA8",
        "MA9",
        "MBA0",
        "MBA1",
        "MBA2",
        "PGA1O",
        "SDRAA0",
        "SDRAA1",
        "SDRAA10",
        "SDRAA11",
        "SDRAA12",
        "SDRAA2",
        "SDRAA3",
        "SDRAA4",
        "SDRAA5",
        "SDRAA6",
        "SDRAA7",
        "SDRAA8",
        "SDRAA9",
        "SDRABA0",
        "SDRABA1",
        "TRDATA0",
        "TRDATA1",
        "TRDATA2",
        "TRDATA3",
        "TRDATA4",
        "TRDATA5",
        "TRDATA6",
        "TRDATA7",
        "\\A0(HBS)"
    ],
    "LED_Output": [
        "LED1",
        "LED2",
        "LED3"
    ],
    "Main_Clock": [
        "AUDIO_XTAL",
        "EMXTAL",
        "QXTAL",
        "RTXOUT",
        "USBXTAL",
        "USB_XTAL",
        "XOUT",
        "XTAL",
        "XTAL2",
        "XTAL32Mm",
        "XTAL32Mp"
    ],
    "JTAG_Interface": [
        "DETDO",
        "JTAG_TDO",
        "TDO",
        "DCUTDO"
    ],
    "Other_Output": [
        "AMP0O",
        "AMP1O",
        "AMP2O",
        "ASEBRKAK#",
        "BCLK",
        "BP_ZN",
        "BS#",
        "CAN0_TX_A",
        "CAN1_TX_A",
        "CK",
        "CKE",
        "CKIO",
        "CKIO2",
        "CKOUT",
        "CKPO",
        "CLKOUT",
        "CLKOUT25M",
        "CLKOUTENB",
        "CS0",
        "CS0#",
        "CS1#",
        "CS2#",
        "CS3#",
        "CS4#",
        "CS5#",
        "CS6#",
        "CVMOUTZ",
        "DACK0",
        "DACK1",
        "DCLOUT",
        "DDCOUT",
        "DDC_OUT",
        "DQMLL",
        "DQMLU",
        "DQMUL",
        "DQMUU",
        "DRACK0",
        "DRAK0",
        "DRAK1",
        "DSI_CLKN",
        "DSI_CLKP",
        "DSI_DNCLK",
        "DSI_DPCLK",
        "DU0_CDE",
        "DU0_DB0",
        "DU0_DB1",
        "DU0_DB2",
        "DU0_DB3",
        "DU0_DB4",
        "DU0_DB5",
        "DU0_DB6",
        "DU0_DB7",
        "DU0_DG0",
        "DU0_DG1",
        "DU0_DG2",
        "DU0_DG3",
        "DU0_DG4",
        "DU0_DG5",
        "DU0_DG6",
        "DU0_DG7",
        "DU0_DISP",
        "DU0_DOTCLKOUT",
        "DU0_DR0",
        "DU0_DR1",
        "DU0_DR2",
        "DU0_DR3",
        "DU0_DR4",
        "DU0_DR5",
        "DU0_DR6",
        "DU0_DR7",
        "EX_CS0#",
        "EX_CS1#",
        "EX_CS2#",
        "EX_CS3#",
        "EX_CS4#",
        "EX_CS5#",
        "HTX0_A",
        "HTXD",
        "HTxD",
        "HTxD0",
        "HTxD1",
        "INTOUT",
        "LPATEST",
        "LPCAB0",
        "LPCAB1",
        "LPCAB2",
        "LPCAB3",
        "LPCAB4",
        "LPCAB5",
        "LPCKEB0",
        "LPCKEB1",
        "LPCLKAC",
        "LPCLKAT",
        "LPCLKBC",
        "LPCLKBT",
        "LPCSB0",
        "LPCSB1",
        "LPDTEST",
        "LPZN",
        "LSW",
        "MCAS#",
        "MCK0",
        "MCK0#",
        "MCK1",
        "MCK1#",
        "MCKE",
        "MCS#",
        "MDC",
        "MDM0",
        "MDM1",
        "MDM2",
        "MDM3",
        "MODT",
        "MRAS#",
        "MWE#",
        "OC",
        "OM_CS1_N",
        "P130",
        "PCTXD0M",
        "PCTXD0P",
        "PCTXD1M",
        "PCTXD1P",
        "PENC0",
        "PENC1",
        "PWCTEST0",
        "PWEN0",
        "PWEN1",
        "PWEN2",
        "PWEN3",
        "PWEN4",
        "PWEN5",
        "PWISO",
        "PWMEMSWIENA",
        "PWRCTL",
        "R",
        "RD",
        "RD#",
        "REFOUT",
        "RFOUT",
        "RFU0",
        "RFU1",
        "RFU10",
        "RFU11",
        "RFU12",
        "RFU13",
        "RFU14",
        "RFU15",
        "RFU16",
        "RFU17",
        "RFU18",
        "RFU19",
        "RFU2",
        "RFU20",
        "RFU21",
        "RFU22",
        "RFU23",
        "RFU24",
        "RFU25",
        "RFU3",
        "RFU4",
        "RFU5",
        "RFU6",
        "RFU7",
        "RFU8",
        "RFU9",
        "RTC_X2",
        "RTC_XO",
        "SBIAS",
        "SCIF_TXD",
        "SDRACAS#",
        "SDRACK",
        "SDRACKE",
        "SDRACS#",
        "SDRARAS#",
        "SDRAWE#",
        "SDSELF",
        "SEG0",
        "SEG25",
        "SEG26",
        "SEG27",
        "SEG28",
        "SEG29",
        "SEG30",
        "SEG31",
        "SEG32",
        "SEG33",
        "SEG34",
        "SEG35",
        "SEG36",
        "SEG37",
        "SEG38",
        "SEG39",
        "SEG40",
        "SOUT",
        "STATUS0",
        "STATUS1",
        "TESTOUT#",
        "TRCLK",
        "TRSYNC",
        "TRSYNC#",
        "TRSYNC1",
        "TS",
        "TX-EN",
        "TX-ER",
        "TX0_A",
        "TX1_B",
        "TXD",
        "TxD0",
        "TxD2",
        "TxM",
        "TxP",
        "USPND",
        "USPWEN",
        "USTX0M",
        "USTX0P",
        "VCM",
        "VCMTX",
        "VIDEO_X2",
        "VOUTN",
        "VOUTP",
        "VRB",
        "VRT",
        "WDTOVF#",
        "WDTOVF_PERROUT#",
        "WDTUDFCA",
        "WDTUDFCM",
        "WE0#",
        "WE1#",
        "WE2#",
        "WE3#",
        "XSPI0_CKN",
        "XSPI0_CKP",
        "XSPI0_CS0N",
        "XSPI_CS0#",
        "XSPI_CS1#",
        "XSPI_SPCLK",
        "XSPI_WP0#",
        "\\AFE_RLYCNT",
        "\\ASEBRKAK",
        "\\BACK",
        "\\BGR",
        "\\BH",
        "\\BS",
        "\\CAS",
        "\\CAS0",
        "\\CAS1",
        "\\CAS2",
        "\\CAS3",
        "\\CKPACK",
        "\\CS0",
        "\\CS1",
        "\\CS2",
        "\\CS3",
        "\\CS4",
        "\\CS5",
        "\\CS6",
        "\\INTA",
        "\\IVECF",
        "\\PCIGNT1",
        "\\PCIGNT2",
        "\\PCIGNT3",
        "\\PCIGNT4",
        "\\RAS",
        "\\RD",
        "\\RD2",
        "\\WDTOVF",
        "\\WDTOVF_PERROUT",
        "\\WE0",
        "\\WE1",
        "\\WE2",
        "\\WE3",
        "\\WE4",
        "\\WE5",
        "\\WE6",
        "\\WE7"
    ],
    "PCIe_Interface_Output": [
        "PCIE_TXDNL0",
        "PCIE_TXDNL1",
        "PCIE_TXDNL2",
        "PCIE_TXDNL3",
        "PCIE_TXDPL0",
        "PCIE_TXDPL1",
        "PCIE_TXDPL2",
        "PCIE_TXDPL3",
        "PCIE_TX_DN",
        "PCIE_TX_DP"
    ],
    "QSPI_Interface_Output": [
        "OQSPIF_CLK",
        "OQSPIF_CS",
        "QSPI0_SPCLK",
        "QSPI0_SSL",
        "QSPI1_SPCLK",
        "\\QSPI_WP",
        "QS1",
        "QS0",
        "QSPIF_D0",
        "QSPIF_D1",
        "QSPIF_D2",
        "QSPIF_D3"
    ],
    "SD_Interface_Output": [
        "PWSD0SEL",
        "PWSD1SEL",
        "SD0CLK",
        "SD0_CLK",
        "SD1CLK",
        "SD1CMD",
        "SD1_CLK",
        "SD2_CLK_A",
        "SDCLK"
    ],
    "System_Output": [
        "BP_MEMRESET#",
        "DDR0_RESETN",
        "DDR1_RESETN",
        "DDR_RESET_N",
        "LPMRESETL",
        "MRESET#",
        "MRESETOUT#",
        "MRESET_OUT",
        "PCIE0_RSTOUTB",
        "PCIE1_RSTOUTB",
        "PCIRESET#",
        "PCRSTOUTB#",
        "PRESETOUT#",
        "PWSYSRSTN",
        "RESETOUTZ",
        "RESOUT",
        "RSTOUT#",
        "SD0RSTN",
        "SD0_RST#",
        "XSPI0_RESET0N",
        "XSPI_RESET0#",
        "\\DDR_RESET",
        "\\PCIRST",
        "\\QSPI_RESET",
        "\\RESO",
        "\\SD0_RST"
    ],
    "USB_Interface_Output": [
        "USB0_DPUPE",
        "USB1d_SUSPEND",
        "USB20_OTGEXICEN",
        "USB30_TX0M",
        "USB30_TX0P",
        "USB31_TX0M",
        "USB31_TX0P",
        "USB_X2"
    ]
}