{
    "Analog Power Supply Negative": [
        "VSS",
        "AOVSS",
        "AVSS0",
        "ADAVSS18",
        "AVSS",
        "AVSS0",
        "AVSS1",
        "AVSS2",
        "AVSSA",
        "AVSSD",
        "AVSSP",
        "AVss",
        "Avss",
        "PGAVSS1",
        "PLL_AGND",
        "SDRAVSS",
        "AREGC",
        "AV12",
        "AV33",
        "AVS1",
        "AVS2",
        "AVS3",
        "EVSS",
        "EVSS0",
        "EVSS1",
        "VSS",
        "VSS(PLL1)",
        "VSS(PLL2)",
        "VSS-PLL1",
        "VSS-PLL2",
        "Vss (PLL2)",
        "Vss (PLL1)",
        "VSS-RTC",
        "Vss",
        "VCL",
        "Vcl",
        "DrVSS",
        "DrVss",
        "E0VSS",
        "E1VSS",
        "DRVSS",
        "SFVSS",
        "SMVSS",
        "SMVSS0",
        "SMVSS1",
        "PVSS",
        "PWMVSS",
        "PWMVss",
        "VSS(PLL1)",
        "VSS(PLL2)",
        "VSS-CPG",
        "VSS-PLL1",
        "VSS-PLL2",
        "VSS-RTC",
        "VSS0",
        "VSS1",
        "VSSA",
        "VSSA-PLL1",
        "VSSD1",
        "VSSD2",
        "VSSD3",
        "VSSD4",
        "VSSD5",
        "VSSDDC",
        "VSSIOOQ",
        "VSSQ",
        "VSSQ-PLL1",
        "VSSQ-PLL2",
        "VSSQ-TD",
        "VSS_DDC",
        "Vss(PLL1)",
        "Vss(PLL2)",
        "Vss1A",
        "Vss2A",
        "VssQ",
        "ZPDVSS",
        "A1VSS",
        "A2VSS",
        "A3VSS",
        "A4VSS",
        "A5VSS",
        "A6VSS",
        "A7VSS",
        "A8VSS",
        "A9VSS",
        "A10VSS",
        "RVSS",
        "A0VSS",
        "OSCVSS"
    ],
    "Analog Power Supply Negative No Connect": [
        "A0VSS(N.C.)",
        "A1VSS(N.C.)",
        "A2VSS(N.C.)",
        "AVSS(N.C.)",
        "AVss(N.C.)",
        "AVSS0(N.C.)",
        "AVSS1(N.C.)",
        "AVSS2(N.C.)",
        "VSSNC",
        "VSS(N.C.)",
        "VSS0(N.C.)",
        "VSS1(N.C.)",
        "VSS2(N.C.)"
    ],
    "Analog Power Supply Negative ADC": [
        "ADC1_AGND",
        "ADC2_AGND",
        "ADC_AVSS",
        "READY"
    ],
    "Analog Power Supply Negative VREG": [
        "VREGO1",
        "VREGO2",
        "VREGO3",
        "VREG_DIG",
        "VREG_PLL",
        "VREG_TXPA",
        "VREG_VCO"
    ],
    "Analog Power Supply Negative ISO": [
        "ISOVCL",
        "ISOVSS"
    ],
    "Analog Power Supply Negative PLL": [
        "PLLVCL",
        "PLLVSS",
        "PLLVSS0",
        "PLLVSS1",
        "PLLVss",
        "PLVSS1",
        "PLVSS2",
        "PLVSS3",
        "PLVSS4",
        "PLVSS6",
        "PLVSS_PLLCA55",
        "PLVSS_PLLCLN_DTY_DRP",
        "PLVSS_PLLCM33",
        "PLVSS_PLLETH_GPU",
        "PLVSS_PLLVDO_DSI"
    ],
    "Analog Power Supply Negative REG": [
        "REG0C",
        "REG0VSS",
        "REG1C1",
        "REG1C2",
        "REG1C3",
        "REG1C4",
        "REG1VSS",
        "REGA",
        "REGC",
        "REGIN"
    ],
    "Analog Power Supply Negetive UGND": [
        "U2GND0",
        "U2GND1",
        "U2GND10",
        "U2GND11",
        "U2GND12",
        "U2GND13",
        "U2GND14",
        "U2GND15",
        "U2GND16",
        "U2GND17",
        "U2GND18",
        "U2GND19",
        "U2GND2",
        "U2GND3",
        "U2GND4",
        "U2GND5",
        "U2GND6",
        "U2GND7",
        "U2GND8",
        "U2GND9",
        "U2VSS",
        "U3GND0",
        "U3GND1",
        "U3GND2",
        "U3GND3",
        "U5GND0",
        "U5GND1",
        "U5GND10",
        "U5GND11",
        "U5GND2",
        "U5GND3",
        "U5GND4",
        "U5GND5",
        "U5GND6",
        "U5GND7",
        "U5GND8",
        "U5GND9",
        "U5VSS",
        "U6GND0",
        "U6GND1",
        "U6GND2",
        "U6GND3",
        "U6GND4",
        "U6GND5",
        "U6GND6",
        "U6GND7",
        "U6VSS",
        "U7VSS",
        "UREGC",
        "USVD330",
        "USVP",
        "USVPH",
        "USVPTX",
        "BUCKGND",
        "HDRVGND"
    ],
    "Analog Power Supply Negetive ADC": [
        "ADC1_AGND",
        "ADC2_AGND",
        "ADC_AVSS"
    ],
    "Analog Power Supply Negetive Programmable Gain Amp": [
        "LVRXAVSS",
        "PGAVSS0"
    ],
    "Analog Power Supply Negetive PLL": [
        "PLL_AGND"
    ],
    "Analog Power Supply Negetive Video Decoder": [
        "VDAVss",
        "VSSIOQ"
    ],
    "Analog Power Supply Positive": [
        "ADAVDD18",
        "ADC1_AVDD",
        "ADC2_AVDD",
        "ADC_AVDD18",
        "VAD",
        "AVCC",
        "AVCC0",
        "AVCC1",
        "AVCC18_TSU",
        "AVCC2",
        "AVCCA",
        "AVCCD",
        "AVCCP",
        "AVDD",
        "AVcc",
        "AVcc0",
        "AVcc1",
        "Avcc",
        "HDAVDD08",
        "HDAVDD18",
        "LVRXAVCC",
        "LVRXAVDD",
        "OTP_AVDD18",
        "PLL16_AVDD",
        "PLL1_AVDD18",
        "PLL23_AVDD",
        "PLL23_AVDD18",
        "PLL4_AVDD",
        "PLL4_AVDD18",
        "PLL5_AVDD18",
        "PLL6_AVDD18",
        "PLL_AVDD",
        "SDRAVCC",
        "TS0AVDD18",
        "TS1AVDD18",
        "VDAVcc",
        "Vcc1A",
        "Vcc2A",
        "Vcc3A",
        "A1VCC",
        "A2VCC",
        "A3VCC",
        "A4VCC",
        "A5VCC",
        "A6VCC",
        "A7VCC",
        "A8VCC",
        "A9VCC",
        "A10VCC"        
    ],
    "Common Ground": [
        "GND",
        "GND_BOOST",
        "GND_BUCK",
        "GND_SDADO",
        "GND_VAD",
        "GND_XTAL1",
        "GND_XTAL2",
        "GND_XTAL3"
    ],
    "DDR Power Supply Negative": [
        "PLVSS_PLLDDR0",
        "PLVSS_PLLDDR1"
    ],
    "DDR Power Supply Positive": [
        "DDR0_VDDQ",
        "DDR0_VDDQLP",
        "DDR1_VDDQ",
        "DDR1_VDDQLP",
        "DDR_VDDQ",
        "PLDVDD08_PLLDDR0",
        "PLDVDD08_PLLDDR1",
        "PLVDD_PLLDDR0",
        "PLVDD_PLLDDR1",
        "VDD-DDR",
        "VDD08_DDR"
    ],
    "Digital Power Supply Positive": [
        "A0VCC",
        "ANF_VDD_PRG",
        "B0VCC",
        "B1VCC",
        "B4VCC",
        "B5VCC",
        "CVCC",
        "DRVCC",
        "RVCC",
        "DRVCC(VCCQ)",
        "DSI_VDD0P8",
        "DSI_VDD12",
        "DSI_VDD18",
        "DSMSVDD0P8",
        "DSMSVDD18",
        "DSMVDD12",
        "DVDD",
        "DVDDQ",
        "DrVCC",
        "DrVcc",
        "E0VCC",
        "E1VCC",
        "EVCC",
        "EVDD",
        "EVDD0",
        "EVDD1",
        "GEMODVDD",
        "GEPREDVDD",
        "I3C_PVDD",
        "ISMVCC",
        "LPVCC",
        "LPVDD",
        "LPVDDQ",
        "MMMODVDD",
        "MMPREDVDD",
        "NAMODVDD",
        "OSCVCC",
        "OTPVDD18",
        "OTP_VDD18",
        "OTVDD08",
        "OTVDD18",
        "PAMODVDD",
        "PAPREDVDD",
        "PBMODVDD",
        "PBPREDVDD",
        "PCIE_VDD09",
        "PCIE_VDD18",
        "PCMODVDD",
        "PCPREDVDD",
        "PCVDD08",
        "PCVDD18",
        "PLVDD_PLLCA55",
        "PLVDD_PLLCLN_DTY_DRP",
        "PLVDD_PLLCM33",
        "PLVDD_PLLETH_GPU",
        "PLVDD_PLLVDO_DSI",
        "PREDVDD33",
        "PVcc",
        "PWMVCC",
        "PWMVcc",
        "PWVDD",
        "PWVDD08",
        "REG0VCC",
        "REG1VCC",
        "REGVCC",
        "RGMII1_VDDQ",
        "RGMII2_VDDQ",
        "RGMII3_VDDQ",
        "RGMII4_VDDQ",
        "RGMII5_VDDQ",
        "RTC_VDD33",
        "RTVDD",
        "RTVDD08",
        "SD0MODVDD",
        "SD0PREDVDD",
        "SD0_PVDD",
        "SD1FMODVDD",
        "SD1FVDD",
        "SD1_PVDD",
        "SFVCC",
        "SMVDD",
        "SMVDD0",
        "SMVDD1",
        "SPI_PVDD",
        "SYSVCC",
        "TS0DVDD08A",
        "TS1DVDD08A",
        "USDVDD",
        "USVDDH",
        "UVCC",
        "UVDD",
        "VCC",
        "VCC(PLL1)",
        "VCC(PLL2)",
        "VCC-PLL1",
        "VCC-PLL2",
        "Vcc (PLL2)",
        "Vcc (PLL1)",
        "VCC-RTC",
        "VCC1",
        "VCC15",
        "VCC1833_0",
        "VCC1833_1",
        "VCC1833_2",
        "VCC1833_3",
        "VCC1833_4",
        "VCC18_ADC0",
        "VCC18_ADC1",
        "VCC18_PLL0",
        "VCC18_PLL1",
        "VCC2",
        "VCC33",
        "VCCA",
        "VCCB",
        "VCCDDC",
        "VCCQ",
        "VCCQ-PLL",
        "VCCQ33",
        "VCC_A",
        "VCC_D",
        "VCC_DA",
        "VCC_DDC",
        "VDD",
        "VDD-CPG",
        "VDD-CPG(3.3V)",
        "VDD-PLL",
        "VDD-PLL1",
        "VDD-PLL1(3.3V)",
        "VDD-PLL2",
        "VDD-PLL2(3.3V)",
        "VDD-RTC",
        "VDD-RTC(3.3V)",
        "VDD0",
        "VDD08",
        "VDD08_AWO",
        "VDD08_OTHERS",
        "VDD09_CA55",
        "VDD1",
        "VDD11",
        "VDD11_CA7",
        "VDD1218_I3C",
        "VDD18",
        "VDD18_AWO",
        "VDD18_PWC",
        "VDD33",
        "VDD33_OTHERS",
        "VDD33_PRE18_OTHERS",
        "VDDA-PLL1",
        "VDDQ",
        "VDDQ-PLL1",
        "VDDQ-PLL2",
        "VDDQ-TD",
        "VDD_ISO",
        "Vcc",
        "Vcc(PLL1)",
        "Vcc(PLL2)",
        "Vcc1",
        "Vcc2",
        "VccQ",
        "XSPI_PVDD",
        "ZPDVCC",
        "VDDO",
        "VDDO0",
        "VDDO1",
        "VDDO2",
        "VDDO3",
        "VDDO4",
        "VDDO5",
        "VDDO6",
        "VDDO7",
        "VDDO8",
        "VDDO9",
        "VDDO10",
        "VDDO11",
        "VDDO12",
        "VDD_VCO",
        "VDD_FAN",
        "VDDXO_DCD",
        "VDD_DIG",
        "VDD_CLK",
        "VDD_PLL",
        "VDD_REP",
        "VDD_TSU"
    ],


    "Digital Power Supply Fault Override": [
        "VDD_FOD0",
        "VDD_FOD1",
        "VDD_FOD2",
        "VDD_FOD3",
        "VDD_FOD4"
    ],
    "Digital Power Supply Positive CSI": [
        "CSI0_MSVDD0P8",
        "CSI0_MSVDD18",
        "CSI1_MSVDD0P8",
        "CSI1_MSVDD18",
        "CSI2_MSVDD0P8",
        "CSI2_MSVDD18",
        "CSI3_MSVDD0P8",
        "CSI3_MSVDD18",
        "CSI_VDD18"
    ],
    "Digital Power Supply Positive DRV": [
        "DRVCC",
        "DRVCC(VCCQ)",
        "HDRVM",
        "HDRVP"
    ],
    "Digital Power Supply Positive DSI": [
        "DSI_VDD0P8",
        "DSI_VDD12",
        "DSI_VDD18"
    ],
    "Digital Power Supply Positive DSMS": [
        "DSMSVDD0P8",
        "DSMSVDD18",
        "DSMVDD12"
    ],
    "Digital Power Supply Positive PLD": [
        "PLDVDD081",
        "PLDVDD082",
        "PLDVDD083",
        "PLDVDD084",
        "PLDVDD086",
        "PLDVDD08_PLLCLN_DTY_DRP",
        "PLDVDD08_PLLCM33",
        "PLDVDD08_PLLETH_GPU",
        "PLDVDD08_PLLVDO_DSI",
        "PLDVDD09_PLLCA55"
    ],
    "Digital Power Supply Positive PLL": [
        "PLL23_DVDD11",
        "PLL5_DVDD11",
        "PLLVCC",
        "PLLVDD0",
        "PLLVDD1",
        "PLLVcc"
    ],
    "Digital Power Supply Positive PL": [
        "PLVDD1",
        "PLVDD2",
        "PLVDD3",
        "PLVDD4",
        "PLVDD6"
    ],
    "Digital Power Supply Positive PVCC": [
        "PVCC",
        "PVCC1",
        "PVCC2"
    ],
    "Digital Power Supply Positive PVDD": [
        "PVDD",
        "PVDD18",
        "PVDD182533_0",
        "PVDD182533_1",
        "PVDD33"
    ],
    "Digital Power Supply Positive REG": [
        "REG0VCC",
        "REG1VCC",
        "REGVCC"
    ],
    "Digital Power Supply Positive REGMII": [
        "REG0VCC",
        "REG1VCC",
        "REGVCC",
        "RGMII1_VDDQ",
        "RGMII2_VDDQ",
        "RGMII3_VDDQ",
        "RGMII4_VDDQ",
        "RGMII5_VDDQ"
    ],
    "Digital Power Supply Positive UP+": [
        "U10MODVDD",
        "U10VDD18",
        "U11MODVDD",
        "U11VDD18",
        "U2VDD08",
        "U2VDD18",
        "U3VDD08",
        "U3VDD18",
        "U4VDD08",
        "U4VDD18",
        "U5VDD18",
        "U6VDD18",
        "U7VDD08",
        "U7VDD18"
    ],
    "Digital Power Supply Positive 3.3/1.8": [
        "VDD1833_AWO",
        "VDD1833_ET0",
        "VDD1833_ET1",
        "VDD1833_OTHERS_A",
        "VDD1833_OTHERS_B",
        "VDD1833_OTHERS_C",
        "VDD1833_OTHERS_D",
        "VDD1833_PRE18_AWO",
        "VDD1833_PRE18_ET0",
        "VDD1833_PRE18_ET1",
        "VDD1833_PRE18_OTHERS_A",
        "VDD1833_PRE18_OTHERS_B",
        "VDD1833_PRE18_OTHERS_C",
        "VDD1833_PRE18_OTHERS_D",
        "VDD1833_PRE18_SD0",
        "VDD1833_PRE18_SD1",
        "VDD1833_PRE18_SD2",
        "VDD1833_PRE18_XSPI",
        "VDD1833_SD0",
        "VDD1833_SD1",
        "VDD1833_SD2",
        "VDD1833_XSPI"
    ],
    "JTAG Power Positive": [
        "JTAG_PVDD",
        "VDD1833_JTAG",
        "VDD1833_PRE18_JTAG"
    ],
    "Miscellaneous Power": [
        "ABG_NCP_OUT",
        "AG",
        "ANDSSG",
        "AWOVCL",
        "BGR_BO",
        "DDR0_VAA",
        "DDR1_VAA",
        "DDR_VAA",
        "DSI_VREG0P4V",
        "ESDN",
        "HVCOM",
        "LPVAA",
        "PSUB",
        "RTC_PWRGOOD",
        "V1",
        "V12",
        "V14",
        "V18",
        "V18F",
        "V18P",
        "V2",
        "V3",
        "V30",
        "VCOMDS",
        "VDC0",
        "VDC1",
        "VL1",
        "VL2",
        "VL3",
        "VL4",
        "VLED",
        "VPP",
        "IC (VPP)",
        "VSL",
        "VSYS_BUCK",
        "XTAL32M_GND"
    ],
    "PCIe VCC Power": [
        "PCIE_VCC08AL01",
        "PCIE_VCC08AL23",
        "PCIE_VCC18ACMN",
        "PCIE_VCC18AL01",
        "PCIE_VCC18AL23"
    ],
    "Power Battery Management": [
        "AVCM",
        "AVRT",
        "LVDVBAT",
        "VBAT",
        "VBATT",
        "VBATT_VDD",
        "VRTC",
        "VBAT1",
        "VBAT2"
    ],
    "Power Supply Epad Negative": [
        "EPAD",
        "Epad"
    ],
    "RF Power Supply Negative": [
        "AVSS_RF",
        "VSS_RF"
    ],
    "RF Power Supply Other": [
        "PSUBRF",
        "RFIN",
        "RFIOM1",
        "RFIOM2",
        "V14RF",
        "VREG_RF"
    ],
    "RF Power Supply Positive": [
        "AGNDRF1",
        "AGNDRF2",
        "AVCC_RF",
        "AVDD_RF",
        "GND_RF1",
        "GND_RF2",
        "VCCRF",
        "VCC_RF",
        "VDD_RF"
    ],
    "Reference Voltage High Positive": [
        "A0VREFH",
        "A1VREFH",
        "A2VREFH",
        "A3VREFH",
        "A4VREFH",
        "A5VREFH",
        "AVREFH",
        "AVrefh",
        "VREFH",
        "VREFH0",
        "VREFH1",
        "VREFH2"
    ],
    "Reference Voltage Low Positive": [
        "AVREFL",
        "AVrefl",
        "VREFL",
        "VREFL0",
        "VREFL1",
        "VREFL2"
    ],
    "Reference Voltage Positive": [
        "A0VREF",
        "ADC1_VREFN",
        "ADC1_VREFP",
        "ADC2_VREFN",
        "ADC2_VREFP",
        "AVREF",
        "AVREFB",
        "AVREFM",
        "AVREFP",
        "AVREFT",
        "AVREFVSS",
        "AVref",
        "DDR_VREF",
        "MVREF",
        "MVREFCA",
        "MVREFDQ",
        "PEVref",
        "REFRIN",
        "U3REF",
        "USRESREF",
        "VREF",
        "VREFDSH",
        "VREFDSL",
        "Vref",
        "ZPDVREF"
    ],
    "USB Power Supply Negative": [
        "AVSS_USB",
        "AVSS_USBA",
        "PVSS_USBA",
        "USBAPVss",
        "USBAVss",
        "USBDPVss",
        "USBDVss",
        "USBUVss",
        "USB_AVSS",
        "USB_VSS",
        "VSS1_USBA",
        "VSS2_USBA",
        "VSS_USB"
    ],
    "USB Power Supply Other": [
        "USB30_USVPH",
        "USB30_USVPTX",
        "USB31_USVPH",
        "USB31_USVPTX",
        "USB_GND",
        "USB_VD33"
    ],
    "USB Power Supply Positive": [
        "AVCC-USB",
        "AVCC18_USB",
        "AVCC_USB",
        "AVCC_USBA",
        "DVDD_USB",
        "USB20_USDVDD",
        "USB20_USVDD18",
        "USB20_USVDD33",
        "USB21_USDVDD",
        "USB21_USVDD18",
        "USB21_USVDD33",
        "USB30_USDVDD",
        "USB30_USVDD18",
        "USB30_USVDD33",
        "USB31_USDVDD",
        "USB31_USVDD18",
        "USB31_USVDD33",
        "USBAPVcc",
        "USBAVcc",
        "USBDPVcc",
        "USBDVcc",
        "USBUVcc",
        "USB_AVDD",
        "USB_AVDD18",
        "USB_VDD18",
        "USB_VDD33",
        "VCC18_USB",
        "VCC33_USB",
        "VCC_USB",
        "VCC_USBA",
        "VCC_USB_LDO",
        "VDD33_USB"
    ],
    "USB Power Supply Reference": [
        "USB3_USRESREF",
        "USBA_RREF",
        "USB_RREF"
    ]
}